Gene name,Accession
AAC1,P04710
AAC3,P18238
AAD10,P47182
AAD14,P42884
AAD15,Q08361
AAD16,Q02895
AAD3,P25612
AAD4,Q07747
AAD6,P43547
AAH1,P53909
AAP1,P37898
AAR2,P32357
AAT1,Q01802
AAT2,P23542
ABD1,P32783
ABF1,P14164
ABF2,Q02486
ABM1,P47146
ABP1,P15891
ABP140,Q08641
ABZ1,P37254
ABZ2,Q03266
ACA1,P39970
ACB1,P31787
ACC1,Q00955
ACE2,P21192
ACF2,Q12168
ACF4,P47129
ACH1,P32316
ACK1,Q07622
ACL4,Q03771
ACM1,Q08981
ACO1,P19414
ACO2,P39533
ACP1,P32463
ACS1,Q01574
ACS2,P52910
ACT1,P60010
ADA2,Q02336
ADD37,Q03233
ADD66,P36040
ADE1,P27616
ADE12,P80210
ADE13,Q05911
ADE16,P54113
ADE17,P38009
ADE2,P21264
ADE3,P07245
ADE4,P04046
"ADE5,7",P07244
ADE6,P38972
ADE8,P04161
ADF1,Q2V2Q1
ADH1,P00330
ADH2,P00331
ADH3,P07246
ADH4,P10127
ADH5,P38113
ADH6,Q04894
ADH7,P25377
ADI1,Q03677
ADK1,P07170
ADK2,P26364
ADO1,P47143
ADP1,P25371
ADR1,P07248
ADY2,P25613
ADY3,Q07732
ADY4,Q05955
AEP1,P32493
AEP2,P22136
AEP3,Q12089
AFB1,Q07988
AFG1,P32317
AFG2,P32794
AFG3,P39925
AFI1,Q99222
AFR1,P33304
AFT1,P22149
AFT2,Q08957
AGA1,P32323
AGA2,P32781
AGC1,Q12482
AGE1,Q04412
AGE2,P40529
AGP1,P25376
AGP2,P38090
AGP3,P43548
AGX1,P43567
AHA1,Q12449
AHC1,Q12433
AHC2,P25649
AHP1,P38013
AHT1,P29589
AI1,P03875
AI2,P03876
AI3,P03877
AI4,P03878
AI5_ALPHA,Q9ZZX1
AI5_BETA,Q9ZZX0
AIF1,P52923
AIM10,P39965
AIM11,P87275
AIM14,P53109
AIM17,P23180
AIM18,P38884
AIM19,P40502
AIM2,P39721
AIM20,P40451
AIM21,P40563
AIM22,P47051
AIM23,P47015
AIM24,P47127
AIM25,P47140
AIM26,P32858
AIM29,P36154
AIM3,P38266
AIM32,Q04689
AIM33,Q04516
AIM34,Q03673
AIM36,Q03798
AIM39,Q08223
AIM41,Q12032
AIM44,Q99299
AIM45,Q12480
AIM46,P38885
AIM4,P38305
AIM6,Q07716
AIM7,Q12156
AIM9,P40053
AIP1,P46680
AIR1,P40507
AIR2,Q12476
AKL1,P38080
AKR1,P39010
AKR2,Q12013
ALA1,P40825
ALB1,P47019
ALD2,P47771
ALD3,P54114
ALD4,P46367
ALD5,P40047
ALD6,P54115
ALE1,Q08548
ALF1,P53904
ALG1,P16661
ALG11,P53954
ALG12,P53730
ALG13,P53178
ALG14,P38242
ALG2,P43636
ALG3,P38179
ALG5,P40350
ALG6,Q12001
ALG7,P07286
ALG8,P40351
ALG9,P53868
ALK1,P43633
ALK2,P32789
ALO1,P54783
ALP1,P38971
ALR1,Q08269
ALR2,P43553
ALT1,P52893
ALT2,P52892
ALY1,P36117
ALY2,P47029
AMA1,P50082
AMD1,P15274
AMD2,P22580
AME1,P38313
AMF1,Q08902
AMN1,P38285
AMS1,P22855
ANB1,P19211
ANP1,P32629
ANR2,P36090
ANS1,P38832
ANT1,Q06497
ANY1,Q03687
AOS1,Q06624
APA1,P16550
APA2,P22108
APC1,P53886
APC11,Q12157
APC2,Q12440
APC4,Q04601
APC5,Q08683
APC9,Q12107
APD1,P38281
APE1,P14904
APE2,P32454
APE3,P37302
APE4,P38821
API2,Q04413
APJ1,P53940
APL1,P27351
APL2,P36000
APL3,P38065
APL4,Q12028
APL5,Q08951
APL6,P46682
APM1,Q00776
APM2,P38700
APM3,P38153
APM4,Q99186
APN1,P22936
APN2,P38207
APP1,P53933
APQ12,P40532
APQ13,P47036
APS1,P35181
APS2,Q00381
APS3,P47064
APT1,P49435
APT2,P36973
AQR1,P53943
AQY1,P0CD91
AQY2,P0CD90
AQY3,P43549
ARA1,P38115
ARA2,Q04212
ARB1,P40024
ARC15,P40518
ARC18,Q05933
ARC19,P33204
ARC1,P46672
ARC35,P53731
ARC40,P38328
ARD1,P07347
ARE1,P25628
ARE2,P53629
ARF1,P11076
ARF2,P19146
ARF3,P40994
ARG1,P22768
ARG2,P40360
ARG3,P05150
ARG4,P04076
"ARG5,6",Q01217
ARG7,Q04728
ARG8,P18544
ARG80,P07249
ARG81,P05085
ARG82,P07250
ARH1,P48360
ARI1,P53111
ARK1,P53974
ARL1,P38116
ARL3,Q02804
ARN1,P38731
ARN2,P38724
ARO10,Q06408
ARO1,P08566
ARO2,P28777
ARO3,P14843
ARO4,P32449
ARO7,P32178
ARO8,P53090
ARO80,Q04052
ARO9,P38840
ARP10,Q04549
ARP1,P38696
ARP2,P32381
ARP3,P47117
ARP4,P80428
ARP5,P53946
ARP6,Q12509
ARP7,Q12406
ARP8,Q12386
ARP9,Q05123
ARR1,Q06596
ARR2,Q06597
ARR3,Q06598
ART10,P18634
ART2,Q8TGM7
ART3,Q8TGM5
ART5,P53244
ARV1,Q06541
ARX1,Q03862
ASA1,Q06822
ASC1,P38011
ASE1,P50275
ASF1,P32447
ASF2,P32448
ASG1,P40467
ASG7,P46993
ASH1,P34233
ASI1,P54074
ASI2,P53895
ASI3,P53983
ASK1,P35734
ASK10,P48361
ASM4,Q05166
ASN1,P49089
ASN2,P49090
ASP1,P38986
ASP3-1,P0CZ17
ASP3-2,P0CX77
ASP3-3,P0CX78
ASP3-4,P0CX79
ASR1,Q06834
AST1,P35183
AST2,P39945
ATC1,Q04005
ATE1,P16639
ATF1,P40353
ATF2,P53296
ATG10,Q07879
ATG11,Q12527
ATG12,P38316
ATG13,Q06628
ATG14,P38270
ATG15,P25641
ATG16,Q03818
ATG17,Q06410
ATG18,P43601
ATG19,P35193
ATG1,P53104
ATG20,Q07528
ATG21,Q02887
ATG22,P25568
ATG23,Q06671
ATG26,Q06321
ATG27,P46989
ATG29,Q12092
ATG2,P53855
ATG31,Q12421
ATG32,P40458
ATG33,Q06485
ATG34,Q12292
ATG36,P46983
ATG38,Q05789
ATG39,Q06159
ATG3,P40344
ATG40,Q99325
ATG41,Q12048
ATG4,P53867
ATG5,Q12380
ATG7,P38862
ATG8,P38182
ATG9,Q12142
ATH1,P48016
ATM1,P40416
ATO2,P32907
ATO3,Q12359
ATP1,P07251
ATP10,P18496
ATP11,P32453
ATP12,P22135
ATP14,Q12349
ATP15,P21306
ATP16,Q12165
ATP17,Q06405
ATP18,P81450
ATP19,P81451
ATP2,P00830
ATP20,Q12233
ATP22,P50273
ATP23,P53722
ATP25,Q03153
ATP3,P38077
ATP4,P05626
ATP5,P09457
ATP6,P00854
ATP7,P30902
ATP8,P00856
ATR1,P13090
ATS1,P31386
ATX1,P38636
ATX2,Q12067
AUA1,P32450
AUR1,P36107
AUS1,Q08409
AVL9,Q12500
AVO1,Q08236
AVO2,Q04749
AVT1,P47082
AVT2,P39981
AVT3,P36062
AVT4,P50944
AVT5,P38176
AVT6,P40074
AVT7,P40501
AXL1,P40851
AXL2,P38928
AYR1,P40471
AYT1,Q12226
AZF1,P41696
AZR1,P50080
BAG7,Q12128
BAP2,P38084
BAP3,P41815
BAR1,P12630
BAS1,P22035
BAT1,P38891
BAT2,P47176
BBC1,P47068
BBP1,Q12365
BCD1,P38772
BCH1,Q05029
BCH2,P36122
BCK1,Q01389
BCK2,P33306
BCP1,Q06338
BCS1,P32839
BCY1,P07278
BDF1,P35817
BDF2,Q07442
BDH1,P39714
BDH2,P39713
BDP1,P46678
BDS1,Q08347
BEM1,P29366
BEM2,P39960
BEM3,P32873
BEM4,P39011
BER1,Q06688
BET1,P22804
BET2,P20133
BET3,P36149
BET4,Q00618
BET5,Q03630
BFA1,P47113
BFR1,P38934
BFR2,Q06631
BGL2,P15703
BI2,P03873
BI3,Q9ZZW7
BI4,P03879
BIG1,P38813
BIK1,P11709
BIM1,P40013
BIO2,P32451
BIO3,P50277
BIO4,P53630
BIO5,P53744
BIR1,P47134
BIT2,P38346
BIT61,P47041
BLI1,P35727
BLM10,P43583
BLS1,Q06071
BMH1,P29311
BMH2,P34730
BMS1,Q08965
BMT2,P38278
BMT5,P40493
BMT6,Q12291
BNA1,P47096
BNA2,P47125
BNA3,P47039
BNA4,P38169
BNA5,Q05979
BNA6,P43619
BNA7,Q04066
BNI1,P41832
BNI4,P53858
BNI5,P53890
BNR1,P40450
BNS1,P50084
BOI1,P38041
BOI2,P39969
BOL1,Q3E793
BOL2,P53082
BOL3,P39724
BOP2,Q06150
BOP3,P53958
BOR1,P53838
BOS1,P25385
BPH1,P25356
BPL1,P48445
BPT1,P14772
BRE1,Q07457
BRE2,P43132
BRE4,Q07660
BRE5,P53741
BRF1,P29056
BRL1,P38770
BRN1,P38170
BRO1,P48582
BRP1,P53194
BRR1,Q99177
BRR2,P32639
BRR6,P53062
BRX1,Q08235
BSC1,Q12140
BSC2,Q05611
BSC3,O13558
BSC4,P53841
BSC5,P53755
BSC6,Q08280
BSD2,P38356
BSP1,Q06604
BST1,P43571
BTN2,P53286
BTS1,Q12051
BTT1,P40314
BUB1,P41695
BUB2,P26448
BUB3,P26449
BUD13,P46947
BUD14,P27637
BUD16,P39988
BUD17,P53727
BUD19,O94143
BUD20,Q08004
BUD21,Q08492
BUD22,Q04347
BUD23,P25627
BUD25,P85052
BUD26,Q03783
BUD27,P43573
BUD28,Q07992
BUD2,P33314
BUD3,P25558
BUD30,Q12064
BUD31,P25337
BUD32,P53323
BUD4,P47136
BUD5,P25300
BUD6,P41697
BUD7,Q08754
BUD8,P41698
BUD9,P53226
BUG1,Q12191
BUL1,P48524
BUL2,Q03758
BUR2,Q05949
BUR6,P40096
BXI1,P48558
BYE1,P36106
BZZ1,P38822
CAB1,Q04430
CAB2,P40506
CAB3,P36076
CAB4,P53332
CAB5,Q03941
CAC2,Q04199
CAD1,P24813
CAF120,P53836
CAF130,P53280
CAF16,P43569
CAF20,P12962
CAF4,P36130
CAF40,P53829
CAJ1,P39101
CAK1,P43568
CAM1,P29547
CAN1,P04817
CAP1,P28495
CAP2,P13517
CAR1,P00812
CAR2,P07991
CAT2,P32796
CAT5,P41735
CAT8,P39113
CAX4,P53223
CBC2,Q08920
CBF1,P17106
CBF2,P32504
CBF5,P33322
CBK1,P53894
CBP1,P07252
CBP2,P03874
CBP3,P21560
CBP4,P37267
CBP6,P07253
CBR1,P38626
CBS1,P14066
CBS2,P14905
CBT1,P36038
CCA1,P21269
CCC1,P47818
CCC2,P38995
CCE1,Q03702
CCH1,P50077
CCL1,P37366
CCM1,P48237
CCP1,P00431
CCR4,P31384
CCS1,P40202
CCT2,P39076
CCT3,P39077
CCT4,P39078
CCT5,P40413
CCT6,P39079
CCT7,P42943
CCT8,P47079
CCW12,Q12127
CCW14,O13547
CCW22,Q7LHD1
CCZ1,P38273
CDA1,Q06702
CDA2,Q06703
CDC10,P25342
CDC11,P32458
CDC123,Q05791
CDC12,P32468
CDC13,P32797
CDC14,Q00684
CDC15,P27636
CDC16,P09798
CDC19,P00549
CDC1,P40986
CDC20,P26309
CDC21,P06785
CDC23,P16522
CDC24,P11433
CDC25,P04821
CDC26,P14724
CDC27,P38042
CDC28,P00546
CDC3,P32457
CDC31,P06704
CDC33,P07260
CDC34,P14682
CDC36,P06100
CDC37,P06101
CDC39,P25655
CDC4,P07834
CDC40,P40968
CDC42,P19073
CDC43,P18898
CDC45,Q08032
CDC48,P25694
CDC50,P25656
CDC53,Q12018
CDC55,Q00362
CDC5,P32562
CDC6,P09119
CDC60,P26637
CDC73,Q06697
CDC7,P06243
CDC8,P00572
CDC9,P04819
CDD1,Q06549
CDH1,P53197
CDS1,P38221
CEF1,Q03654
CEG1,Q01159
CEM1,P39525
CEP3,P40969
CET1,O13297
CEX1,Q12453
CFD1,P40558
CFT1,Q06632
CFT2,Q12102
CGI121,Q03705
CGR1,P53188
CHA1,P25379
CHA4,P43634
CHC1,P22137
CHD1,P32657
CHK1,P38147
CHL1,P22516
CHL4,P38907
CHO1,P08456
CHO2,P05374
CHS1,P08004
CHS2,P14180
CHS3,P29465
CHS5,Q12114
CHS6,P40955
CHS7,P38843
CHZ1,P40019
CIA1,Q05583
CIC1,P38779
CIK1,Q01649
CIN1,P40987
CIN2,P46670
CIN4,P39110
CIN5,P40917
CIN8,P27895
CIR1,P42940
CIR2,Q08822
CIS1,Q06139
CIS3,P47001
CIT1,P00890
CIT2,P08679
CIT3,P43635
CKA1,P15790
CKA2,P19454
CKB1,P43639
CKB2,P38930
CKI1,P20485
CKS1,P20486
CLA4,P48562
CLB1,P24868
CLB2,P24869
CLB3,P24870
CLB4,P24871
CLB5,P30283
CLB6,P32943
CLC1,P17891
CLD1,P53264
CLF1,Q12309
CLG1,P35190
CLN1,P20437
CLN2,P20438
CLN3,P13365
CLP1,Q08685
CLU1,Q03690
CMC1,P36064
CMC2,Q3E7A4
CMC4,Q3E7A9
CMD1,P06787
CMK1,P27466
CMK2,P22517
CMP2,P14747
CMR1,Q12510
CMR3,Q12145
CMS1,Q07897
CNA1,P23287
CNB1,P25296
CNE1,P27825
CNL1,Q06333
CNM67,P53865
CNN1,P43618
CNS1,P33313
COA1,P40452
COA2,Q3E823
COA3,Q3E7B2
COA4,Q05809
COA6,Q3E846
COB,P00163
COF1,Q03048
COG1,P53079
COG2,P53271
COG3,P40094
COG4,Q06096
COG5,P53951
COG6,P53959
COG7,P53195
COG8,Q04632
COP1,P53622
COQ1,P18900
COQ10,Q08058
COQ11,Q05892
COQ2,P32378
COQ3,P27680
COQ4,O13525
COQ5,P49017
COQ6,P53318
COQ8,P27697
COQ9,Q05779
COR1,P07256
COS1,P53822
COS10,P52924
COS111,P38308
COS12,P53053
COS2,P0CX12
COS3,P0CX13
COS4,P43542
COS5,P47187
COS6,P53344
COS7,Q07788
COS8,P38723
COS9,P36034
COT1,P32798
COX10,P21592
COX11,P19516
COX12,Q01519
COX13,P32799
COX14,P39103
COX15,P40086
COX16,P47081
COX17,Q12287
COX18,P53239
COX19,Q3E731
COX1,P00401
COX20,Q04935
COX23,P38824
COX26,Q2V2P9
COX2,P00410
COX3,P00420
COX4,P04037
COX5A,P00424
COX5B,P00425
COX6,P00427
COX7,P10174
COX8,P04039
COX9,P07255
COY1,P34237
CPA1,P07258
CPA2,P03965
CPD1,P53314
CPR1,P14832
CPR2,P23285
CPR3,P25719
CPR4,P25334
CPR5,P35176
CPR6,P53691
CPR7,P47103
CPR8,P53728
CPS1,P27614
CPT1,P17898
CRC1,Q12289
CRD1,Q07560
CRF1,Q04930
CRG1,P38892
CRH1,P53301
CRM1,P30822
CRN1,Q06440
CRP1,P38845
CRR1,Q05790
CRS5,P41902
CRT10,Q08226
CRZ1,P53968
CSC1,Q06538
CSE1,P33307
CSE2,P33308
CSE4,P36012
CSF1,Q12150
CSG2,P35206
CSH1,P38287
CSI1,Q04368
CSI2,Q08054
CSL4,P53859
CSM1,P25651
CSM2,P40465
CSM3,Q04659
CSM4,Q08955
CSN12,P47130
CSN9,Q03981
CSR1,Q06705
CSR2,Q12734
CSS1,P40442
CSS2,P43600
CSS3,Q08300
CST26,P38226
CST6,P40535
CST9,Q06032
CTA1,P15202
CTF13,P35203
CTF18,P49956
CTF19,Q02732
CTF3,Q12748
CTF4,Q01454
CTF8,P38877
CTH1,P47976
CTI6,Q08923
CTK1,Q03957
CTK2,P46962
CTK3,P46963
CTL1,Q03220
CTM1,P38818
CTO1,P25616
CTP1,P38152
CTR1,P49573
CTR2,P38865
CTR3,Q06686
CTR86,P25355
CTR9,P89105
CTS1,P29029
CTS2,Q06350
CTT1,P06115
CUB1,Q08977
CUE1,P38428
CUE2,P36075
CUE3,P53137
CUE4,Q04201
CUE5,Q08412
CUL3,P53202
CUP1-1,P0CX80
CUP1-2,P0CX81
CUP2,P15315
CUP9,P41817
CUR1,Q06469
CUS1,Q02554
CUS2,P53830
CUZ1,P53899
CWC15,Q03772
CWC21,Q03375
CWC22,P53333
CWC23,P52868
CWC24,P53769
CWC25,P53854
CWC27,Q02770
CWC2,Q12046
CWH36,P25603
CWH41,P53008
CWH43,P25618
CWP1,P28319
CWP2,P43497
CYB2,P00175
CYB5,P40312
CYC1,P00044
CYC2,P38909
CYC3,P06182
CYC7,P00045
CYC8,P14922
CYK3,Q07533
CYM1,P32898
CYR1,P08678
CYS3,P31373
CYS4,P32582
CYT1,P07143
CYT2,Q00873
DAD1,Q12248
DAD2,P36162
DAD3,P69850
DAD4,P69851
DAK1,P54838
DAK2,P43550
DAL1,P32375
DAL2,P25335
DAL3,P32459
DAL4,Q04895
DAL5,P15365
DAL7,P21826
DAL80,P26343
DAL81,P21657
DAL82,P21705
DAM1,P53267
DAN1,P47178
DAN4,P47179
DAP1,Q12091
DAP2,P18962
DAS1,P47005
DAS2,Q12084
DAT1,P13483
DBF2,P22204
DBF20,P32328
DBF4,P32325
DBP1,P24784
DBP10,Q12389
DBP2,P24783
DBP3,P20447
DBP5,P20449
DBP6,P53734
DBP7,P36120
DBP8,P38719
DBP9,Q06218
DBR1,P24309
DCC1,P25559
DCD1,P06773
DCG1,P32460
DCI1,Q08558
DCK1,Q06409
DCN1,Q12395
DCP1,Q12517
DCP2,P53550
DCR2,Q05924
DCS1,Q06151
DCS2,Q12123
DCV1,P43595
DCW1,P36091
DDC1,Q08949
DDI1,P40087
DDI2,P0CH63
DDI3,P0CH64
DDP1,Q99321
DDR2,P89113
DDR48,P18899
DED1,P06634
DED81,P38707
DEF1,P35732
DEG1,P31115
DEP1,P31385
DER1,P38307
DET1,Q99288
DFG10,P40526
DFG16,Q99234
DFG5,Q05031
DFM1,Q12743
DFR1,P07807
DGA1,Q08650
DGK1,Q12382
DGR1,Q3E808
DGR2,P32330
DHH1,P39517
DHR2,P36009
DIA1,P54005
DIA2,Q08496
DIA3,P52290
DIA4,P38705
DIB1,Q06819
DIC1,Q06143
DID2,P69771
DID4,P36108
DIE2,P50076
DIF1,O13577
DIG1,Q03063
DIG2,Q03373
DIM1,P41819
DIN7,Q12086
DIP2,Q12220
DIP5,P53388
DIS3,Q08162
DIT1,P21623
DIT2,P21595
DJP1,P40564
DLD1,P32891
DLD2,P46681
DLD3,P39976
DLS1,P40366
DLT1,Q04216
DMA1,P38823
DMA2,P53924
DMC1,P25453
DML1,Q03652
DNA2,P38859
DNF1,P32660
DNF2,Q12675
DNF3,Q12674
DNL4,Q08387
DNM1,P54861
DOA1,P36037
DOA4,P32571
DOC1,P53068
DOG1,P38774
DOG2,P38773
DOM34,P33309
DON1,Q05610
DOP1,Q03921
DOS2,P54858
DOT1,Q04089
DOT5,P40553
DOT6,P40059
DPB11,P47027
DPB2,P24482
DPB3,P27344
DPB4,Q04603
DPH1,P40487
DPH2,P32461
DPH5,P32469
DPH6,Q12429
DPL1,Q05567
DPM1,P14020
DPP1,Q05521
DPS1,P04802
DRE2,P36152
DRN1,P53255
DRS1,P32892
DRS2,P39524
DSC2,Q08232
DSC3,Q12015
DSD1,P53095
DSE1,P40077
DSE2,P38844
DSE3,Q08729
DSE4,P53753
DSF1,P0CX08
DSF2,P38213
DSK2,P48510
DSL1,P53847
DSN1,P40568
DSS1,P39112
DSS4,P32601
DST1,P07273
DTD1,Q07648
DTR1,P38125
DUF1,Q99247
DUG1,P43616
DUG2,P38149
DUG3,P53871
DUN1,P39009
DUO1,P53168
"DUR1,2",P32528
DUR3,P33413
DUS1,P53759
DUS3,Q06053
DUS4,Q06063
DUT1,P33317
DXO1,Q06349
DYN1,P36022
DYN2,Q02647
DYN3,Q04949
DYS1,P38791
EAF1,Q06337
EAF3,Q12432
EAF5,P39995
EAF6,P47128
EAF7,P53911
EAP1,P36041
EAR1,Q03212
EAT1,P53208
EBP2,P36049
EBS1,Q03466
ECI1,Q05871
ECL1,P48235
ECM10,P39987
ECM11,Q04110
ECM12,O13529
ECM13,P38195
ECM14,P38836
ECM15,P35195
ECM16,Q04217
ECM18,Q04623
ECM19,Q06011
ECM1,P39715
ECM21,P38167
ECM22,Q05958
ECM23,Q02710
ECM25,P32525
ECM27,P47144
ECM29,P38737
ECM2,P38241
ECM3,Q99252
ECM30,Q06673
ECM31,P38122
ECM32,P32644
ECM33,P38248
ECM34,P38728
ECM38,Q05902
ECM4,P36156
ECM5,Q03214
ECM7,Q06200
ECM8,P38246
ECM9,Q02202
ECO1,P43605
ECT1,P33412
EDC1,P53080
EDC2,P40023
EDC3,P39998
EDE1,P34216
EDS1,P38073
EEB1,Q02891
EFB1,P32471
EFG1,Q3E705
EFM1,P38732
EFM2,P38347
EFM3,P47163
EFM4,P40516
EFM5,P53200
EFM6,P53970
EFR3,Q03653
EFT1,P32324
EFT2,P32324
EGD1,Q02642
EGD2,P38879
EGH1,P40566
EGT2,P42835
EHD3,P28817
EHT1,P38295
EIS1,Q05050
EKI1,Q03764
ELA1,P53861
ELC1,Q03071
ELF1,P36053
ELG1,Q12050
ELM1,P32801
ELO1,P39540
ELO2,P25358
ELO3,P40319
ELP2,P42935
ELP3,Q02908
ELP4,Q02884
ELP6,Q04868
EMC1,P25574
EMC10,Q12025
EMC2,P47133
EMC3,P36039
EMC4,P53073
EMC5,P40540
EMC6,Q12431
EMG1,Q06287
EMI1,Q04406
EMI2,Q04409
EMP24,P32803
EMP46,Q12396
EMP47,P43555
EMP65,P40085
EMP70,P32802
EMW1,P42842
ENA1,P13587
ENA2,Q01896
ENA5,Q12691
ENB1,Q08299
END3,P39013
ENO1,P00924
ENO2,P00925
ENP1,P38333
ENP2,P48234
ENT1,Q12518
ENT2,Q05785
ENT3,P47160
ENT4,Q07872
ENT5,Q03769
ENV10,Q99382
ENV11,P53246
ENV7,Q12003
ENV9,Q08651
EOS1,P53938
EPL1,P43572
EPS1,P40557
EPT1,P22140
ERB1,Q04660
ERC1,P38767
ERD1,P16151
ERD2,P18414
ERF2,Q06551
ERG1,P32476
ERG10,P41338
ERG11,P10614
ERG12,P07277
ERG13,P54839
ERG2,P32352
ERG20,P08524
ERG24,P32462
ERG25,P53045
ERG26,P53199
ERG27,Q12452
ERG28,P40030
ERG29,P40207
ERG3,P32353
ERG4,P25340
ERG5,P54781
ERG6,P25087
ERG7,P38604
ERG8,P24521
ERG9,P29704
ERI1,P62651
ERJ5,P43613
ERO1,Q03103
ERP1,Q05359
ERP2,P39704
ERP3,Q12403
ERP4,Q12450
ERP5,P38819
ERP6,P53198
ERR1,P0CX10
ERR2,P0CX11
ERR3,P42222
ERS1,P17261
ERT1,P38140
ERV1,P27882
ERV14,P53173
ERV15,P38312
ERV2,Q12284
ERV25,P54837
ERV29,P53337
ERV41,Q04651
ERV46,P39727
ESA1,Q08649
ESBP6,P53918
ESC1,Q03661
ESC2,Q06340
ESC8,Q08119
ESF1,Q06344
ESF2,P53743
ESL1,P40456
ESL2,P36168
ESP1,Q03018
ESS1,P22696
EST1,P17214
EST2,Q06163
EST3,Q03096
ETP1,P38748
ETR1,P38071
ETT1,Q08421
EUC1,Q04461
EUG1,P32474
EXG1,P23776
EXG2,P52911
EXO1,P39875
EXO5,P38289
EXO70,P19658
EXO84,P38261
EXP1,Q07541
FAA1,P30624
FAA2,P39518
FAA3,P39002
FAA4,P47912
FAB1,P34756
FAD1,P38913
FAF1,P40546
FAL1,Q12099
FAP1,P53971
FAP7,Q12055
FAR1,P21268
FAR10,Q06001
FAR11,P53917
FAR3,P46671
FAR7,P43592
FAR8,Q05040
FAS1,P07149
FAS2,P19097
FAT1,P38225
FAU1,P40099
FBA1,P14540
FBP1,P09201
FBP26,P32604
FCF1,Q05498
FCF2,Q12035
FCP1,Q03254
FCY1,Q12178
FCY2,P17064
FCY21,P40039
FCY22,Q12119
FDC1,Q03034
FDH1,Q08911
FDH2,P0CF35
FDO1,P40214
FEN2,P25621
FES1,P38260
FET3,P38993
FET4,P40988
FET5,P43561
FEX1,Q08913
FEX2,Q08991
FHL1,P39521
FHN1,P53279
FIG1,P38224
FIG2,P25653
FIG4,P42837
FIN1,Q03898
FIP1,P45976
FIR1,P40020
FIS1,P40515
FIT1,Q04433
FIT2,Q08906
FIT3,Q08907
FKH1,P40466
FKH2,P41813
FKS1,P38631
FKS3,Q04952
FLC1,Q08967
FLC2,P39719
FLC3,P53121
FLO10,P36170
FLO11,P08640
FLO1,P32768
FLO5,P38894
FLO8,P40068
FLO9,P39712
FLP1,P03870
FLR1,P38124
FLX1,P40464
FMC1,P40491
FMN1,Q03778
FMO1,P38866
FMP10,P40098
FMP16,Q12497
FMP23,P38231
FMP25,Q08023
FMP27,Q06179
FMP30,Q02883
FMP32,P43557
FMP33,P46998
FMP40,Q08968
FMP41,P53889
FMP42,Q04991
FMP45,Q07651
FMP46,P36141
FMP48,P53233
FMP49,A0A023PZB3
FMP52,P40008
FMS1,P50264
FMT1,P32785
FOB1,O13329
FOL1,P53848
FOL2,P51601
FOL3,Q12676
FOX2,Q02207
FPK1,P53739
FPR1,P20081
FPR2,P32472
FPR3,P38911
FPR4,Q06205
FPS1,P23900
FRA1,Q07825
FRD1,P32614
FRE1,P32791
FRE2,P36033
FRE3,Q08905
FRE4,P53746
FRE5,Q08908
FRE6,Q12473
FRE7,Q12333
FRE8,Q12209
FRK1,Q03002
FRM2,P37261
FRQ1,Q06389
FRS1,P15624
FRS2,P15625
FRT1,Q99332
FRT2,P39734
FSF1,Q12029
FSH1,P38777
FSH2,Q05015
FSH3,Q99369
FTH1,P38310
FTR1,P40088
FUB1,P25659
FUI1,P38196
FUM1,P08417
FUN12,P39730
FUN14,P18411
FUN19,P28003
FUN26,P31381
FUN30,P31380
FUR1,P18562
FUR4,P05316
FUS1,P11710
FUS2,Q05670
FUS3,P16892
FYV1,Q99341
FYV10,P40492
FYV12,Q08559
FYV4,P38783
FYV5,P25585
FYV6,P53913
FYV7,Q12247
FYV8,P46949
FZF1,P32805
FZO1,P38297
GAA1,P39012
GAB1,P41733
GAC1,P28006
GAD1,Q04792
GAL1,P04385
GAL10,P04397
GAL11,P19659
GAL2,P13181
GAL3,P13045
GAL4,P04386
GAL7,P08431
GAL80,P04387
GAL83,Q04739
GAP1,P19145
GAR1,P28007
GAS1,P22146
GAS2,Q06135
GAS3,Q03655
GAS4,Q08271
GAS5,Q08193
GAT1,P43574
GAT2,P40209
GAT3,Q07928
GAT4,P40569
GBP2,P25555
GCD10,P41814
GCD11,P32481
GCD14,P46959
GCD1,P09032
GCD2,P12754
GCD6,P32501
GCD7,P32502
GCG1,P32656
GCN1,P33892
GCN20,P43535
GCN2,P15442
GCN3,P14741
GCN4,P03069
GCN5,Q03330
GCR1,P07261
GCR2,Q01722
GCS1,P35197
GCV1,P48015
GCV2,P49095
GCV3,P39726
GCY1,P14065
GDA1,P32621
GDB1,Q06625
GDE1,Q02979
GDH1,P07262
GDH2,P33327
GDH3,P39708
GDI1,P39958
GDS1,P41913
GDT1,P38301
GEA1,P47102
GEA2,P39993
GEF1,P37020
GEM1,P39722
GEP3,Q08622
GEP4,P38812
GEP5,Q12393
GEP7,P53171
GET1,P53192
GET2,P40056
GET3,Q12154
GET4,Q12125
GEX1,P25596
GEX2,P36173
GFA1,P14742
GFD1,Q04839
GFD2,P25370
GGA1,Q06336
GGA2,P38817
GGC1,P38988
GIC1,P38785
GIC2,Q06648
GID7,P25569
GID8,P40208
GIM3,P53900
GIM4,P40005
GIM5,Q04493
GIN4,Q12263
GIP1,P38229
GIP2,P40036
GIP3,Q03016
GIP4,P39732
GIR2,Q03768
GIS1,Q03833
GIS2,P53849
GIS3,Q12418
GIS4,Q04233
GIT1,P25346
GLC3,P32775
GLC7,P32598
GLC8,P41818
GLD1,Q06104
GLE1,Q12315
GLE2,P40066
GLG1,P36143
GLG2,P47011
GLK1,P17709
GLN1,P32288
GLN3,P18494
GLN4,P13188
GLO1,P50107
GLO2,Q05584
GLO3,P38682
GLO4,Q12320
GLR1,P41921
GLT1,Q12680
GLY1,P37303
GMC1,Q04399
GMC2,Q06201
GMH1,P36125
GNA1,P43577
GND1,P38720
GND2,P53319
GNP1,P48813
GNT1,Q12096
GON7,P46984
GOR1,P53839
GOS1,P38736
GOT1,Q03554
GPA1,P08539
GPA2,P10823
GPB1,Q08886
GPB2,P39717
GPC1,P48236
GPD1,Q00055
GPD2,P41911
GPG1,P53130
GPH1,P06738
GPI1,P53306
GPI10,P30777
GPI11,Q06636
GPI12,P23797
GPI13,Q07830
GPI14,P47088
GPI15,P53961
GPI16,P38875
GPI17,Q04080
GPI18,P38211
GPI19,Q04082
GPI2,P46961
GPI8,P49018
GPM1,P00950
GPM2,Q12008
GPM3,Q12326
GPN2,Q08726
GPN3,Q06543
GPP1,P41277
GPP2,P40106
GPR1,Q12361
GPT2,P36148
GPX1,P36014
GPX2,P38143
GRC3,Q07845
GRE1,Q08969
GRE2,Q12068
GRE3,P38715
GRH1,Q04410
GRR1,P24814
GRS1,P38088
GRS2,Q06817
GRX1,P25373
GRX2,P17695
GRX3,Q03835
GRX4,P32642
GRX5,Q02784
GRX6,Q12438
GRX7,P38068
GRX8,Q05926
GSC2,P40989
GSF2,Q04697
GSH1,P32477
GSH2,Q08220
GSM1,P42950
GSP1,P32835
GSP2,P32836
GSY1,P23337
GSY2,P27472
GTB1,Q04924
GTF1,P53260
GTO1,P48239
GTO3,Q04806
GTR1,Q00582
GTR2,P53290
GTS1,P40956
GTT1,P40582
GTT2,Q12390
GTT3,P39996
GUA1,P38625
GUD1,Q07729
GUF1,P46943
GUK1,P15454
GUP1,P53154
GUP2,Q08929
GUS1,P46655
GUT1,P32190
GUT2,P32191
GVP36,P40531
GWT1,P47026
GYL1,Q04322
GYP1,Q08484
GYP5,Q12344
GYP6,P32806
GYP7,P48365
GYP8,P43570
GZF3,P42944
HAA1,Q12753
HAC1,P41546
HAL1,Q01766
HAL5,P38970
HAL9,Q12180
HAM1,P47119
HAP1,P0CE41
HAP2,P06774
HAP3,P13434
HAP4,P14064
HAP5,Q02516
HAS1,Q03532
HAT1,Q12341
HAT2,P39984
HBN1,Q96VH4
HBS1,P32769
HBT1,Q07653
HCA4,P20448
HCH1,P53834
HCM1,P25364
HCR1,Q05775
HCS1,P34243
HDA1,P53973
HDA2,Q06629
HDA3,Q06623
HED1,Q03937
HEF3,P53978
HEH2,Q03281
HEK2,P38199
HEL1,P36113
HEL2,Q05580
HEM12,P32347
HEM13,P11353
HEM14,P40012
HEM15,P16622
HEM1,P09950
HEM2,P05373
HEM25,Q07534
HEM3,P28789
HEM4,P06174
HER1,Q12276
HER2,Q03557
HES1,P35843
HFA1,P32874
HFD1,Q04458
HFI1,Q12060
HFM1,P51979
HGH1,P48362
HHF1,P02309
HHF2,P02309
HHO1,P53551
HHT1,P61830
HHT2,P61830
HHY1,P39982
HIF1,Q12373
HIM1,Q06674
HIP1,P06775
HIR1,P32479
HIR2,P32480
HIR3,P47171
HIS1,P00498
HIS2,P38635
HIS3,P06633
HIS4,P00815
HIS5,P07172
HIS6,P40545
HIS7,P33734
HIT1,P46973
HKR1,P41809
HLJ1,P48353
HLR1,Q04429
HMF1,P40037
HMG1,P12683
HMG2,P12684
HMI1,Q12039
HMLALPHA1,P0CY07
HMLALPHA2,P0CY09
HMO1,Q03973
HMRA1,P0CY11
HMRA2,P0CY13
HMS1,Q12398
HMS2,P47175
HMT1,P38074
HMX1,P32339
HNM1,P19807
HNT1,Q04344
HNT2,P49775
HNT3,Q08702
HO,P09932
HOC1,P47124
HOF1,Q05080
HOG1,P32485
HOL1,P53389
HOM2,P13663
HOM3,P10869
HOM6,P31116
HOP1,P20050
HOP2,P53187
HOR7,Q05827
HOS1,Q12214
HOS2,P53096
HOS3,Q02959
HOS4,P40480
HOT1,Q03213
HOT13,P36078
HPA2,Q06592
HPA3,P39979
HPC2,Q01448
HPF1,Q05164
HPM1,P40481
HPR1,P17629
HPT1,Q04178
HRB1,P38922
HRD1,Q08109
HRD3,Q05787
HRI1,Q05905
HRK1,Q08732
HRP1,Q99383
HRQ1,Q05549
HRR25,P29295
HRT1,Q08273
HRT3,Q12347
HSC82,P15108
HSE1,P38753
HSF1,P10961
HSH155,P49955
HSH49,Q99181
HSK3,P69852
HSL1,P34244
HSL7,P38274
HSM3,P38348
HSP104,P31539
HSP10,P38910
HSP12,P22943
HSP150,P32478
HSP26,P15992
HSP30,P25619
HSP31,Q04432
HSP32,Q08992
HSP33,Q08914
HSP42,Q12329
HSP60,P19882
HSP78,P33416
HSP82,P02829
HST1,P53685
HST2,P53686
HST3,P53687
HST4,P53688
HSV2,P50079
HTA1,P04911
HTA2,P04912
HTB1,P02293
HTB2,P02294
HTD2,P38790
HTL1,Q9URQ5
HTS1,P07263
HTZ1,Q12692
HUA1,P40325
HUA2,Q12134
HUB1,Q6Q546
HUG1,Q6Q5K6
HUL4,P40985
HUL5,P53119
HUR1,P45820
HUT1,Q12520
HVG1,P0CE11
HXK1,P04806
HXK2,P04807
HXT10,P43581
HXT11,P54862
HXT12,P40441
HXT13,P39924
HXT14,P42833
HXT15,P54854
HXT16,P47185
HXT17,P53631
HXT1,P32465
HXT2,P23585
HXT3,P32466
HXT4,P32467
HXT5,P38695
HXT6,P39003
HXT7,P39004
HXT8,P40886
HXT9,P40885
HYM1,P32464
HYP2,P23301
HYR1,P40581
IAH1,P41734
IBA57,P47158
IBD2,P53892
ICE2,P40499
ICL1,P28240
ICL2,Q12031
ICP55,P40051
ICS2,P38284
ICS3,P47034
ICT1,Q12385
ICY1,Q04329
IDH1,P28834
IDH2,P28241
IDI1,P15496
IDP1,P21954
IDP2,P41939
IDP3,P53982
IDS2,P46958
IES1,P43579
IES2,P40154
IES3,Q12345
IES4,Q08561
IES5,P40060
IES6,P32617
IFA38,P38286
IFH1,P39520
IFM1,P25038
IGD1,P43598
IGO1,P53897
IGO2,Q9P305
IKI1,P38874
IKI3,Q06706
IKS1,P47042
ILM1,P47155
ILS1,P09436
ILV1,P00927
ILV2,P07342
ILV3,P39522
ILV5,P06168
ILV6,P25605
IMA1,P53051
IMA2,Q08295
IMA3,P0CW40
IMA4,P0CW41
IMA5,P40884
IMD1,P39567
IMD2,P38697
IMD3,P50095
IMD4,P50094
IME1,P21190
IME2,P32581
IME4,P41833
IMG1,P25626
IMG2,P25642
IMH1,Q06704
IML1,P47170
IML2,P47031
IML3,P38265
IMO32,P53219
IMP1,P28627
IMP2,P46972
IMP2',P32351
IMP3,P32899
IMP4,P53941
INA17,Q02888
INA22,P40576
INH1,P01097
INM1,P38710
INM2,Q05533
INN1,P53901
INO1,P11986
INO2,P26798
INO4,P13902
INO80,P53115
INP1,Q03694
INP2,Q03824
INP51,P40559
INP52,P50942
INP53,Q12271
INP54,Q08227
IOC2,Q12072
IOC3,P43596
IOC4,Q04213
IPI1,P38803
IPI3,P53877
IPK1,Q06667
IPL1,P38991
IPP1,P00817
IPT1,P38954
IQG1,Q12280
IRA1,P18963
IRA2,P19158
IRC10,Q08118
IRC11,Q12479
IRC13,Q08630
IRC14,Q08522
IRC15,Q02733
IRC16,Q6B0V8
IRC18,P47056
IRC19,Q07843
IRC2,A0A023PXB5
IRC20,Q06554
IRC21,Q04772
IRC22,P40006
IRC23,Q08416
IRC24,P40580
IRC25,Q07951
IRC3,Q06683
IRC4,Q03036
IRC5,P43610
IRC6,P43615
IRC7,P43623
IRC8,P47046
IRC9,P47010
IRE1,P32361
IRR1,P40541
IRS4,P36115
ISA1,Q07821
ISA2,Q12425
ISC1,P40015
ISC10,P32645
ISD11,Q6Q560
ISF1,P32488
ISM1,P48526
ISN1,Q99312
ISR1,Q06098
IST1,P53843
IST2,P38250
IST3,P40565
ISU1,Q03020
ISU2,Q12056
ISW1,P38144
ISW2,Q08773
ISY1,P21374
ITC1,P53125
ITR1,P30605
ITR2,P30606
ITT1,Q04638
IVY1,Q04934
IWR1,Q07532
IXR1,P33417
IZH1,Q03419
IZH2,Q12442
IZH3,Q07959
IZH4,Q99393
JAC1,P53193
JEM1,P40358
JEN1,P36035
JHD1,P40034
JHD2,P47156
JID1,Q12350
JIP3,O13555
JIP4,Q03361
JIP5,Q06214
JJJ1,P53863
JJJ2,P46997
JJJ3,P47138
JLP1,Q12358
JLP2,P40206
JNM1,P36224
JSN1,P47135
KAE1,P36132
KAP104,P38217
KAP114,P53067
KAP120,Q02932
KAP122,P32767
KAP123,P40069
KAP95,Q06142
KAR1,P11927
KAR2,P16474
KAR3,P17119
KAR4,P25583
KAR5,Q04746
KAR9,P32526
KCC4,P25389
KCH1,P47114
KCS1,Q12494
KDX1,P36005
KEG1,P43614
KEI1,Q06346
KEL1,P38853
KEL2,P50090
KEL3,Q08979
KES1,P35844
KEX1,P09620
KEX2,P13134
KGD1,P20967
KGD2,P19262
KHA1,P40309
KIC1,P38692
KIN1,P13185
KIN2,P13186
KIN28,P06242
KIN3,P22209
KIN4,Q01919
KIN82,P25341
KIP1,P28742
KIP2,P28743
KIP3,P53086
KKQ8,P36004
KNH1,P50112
KNS1,P32350
KOG1,P38873
KRE1,P17260
KRE28,Q04431
KRE29,P40026
KRE2,P27809
KRE33,P53914
KRE5,P22023
KRE6,P32486
KRE9,P39005
KRI1,P42846
KRR1,P25586
KRS1,P15180
KSH1,Q8TGJ3
KSP1,P38691
KSS1,P14681
KTI11,Q3E840
KTI12,P34253
KTR1,P27810
KTR2,P33550
KTR3,P38130
KTR4,P38131
KTR5,P53966
KTR6,P54070
KTR7,P40504
KXD1,P53158
LAA1,P39526
LAC1,P28496
LAG1,P38703
LAG2,Q92325
LAM1,P38851
LAM4,P38800
LAM5,P43560
LAM6,Q08001
LAP2,Q10740
LAP3,Q01532
LAS1,P36146
LAS17,Q12446
LAS21,P40367
LAT1,P12695
LCB1,P25045
LCB2,P40970
LCB3,P47013
LCB4,Q12246
LCB5,Q06147
LCD1,Q04377
LCL1,Q02786
LCL2,Q08045
LCL3,P53153
LCP5,P40079
LDB16,P25587
LDB17,Q12342
LDB18,Q07887
LDB19,Q12502
LDB7,P38210
LDH1,P38139
LDS1,P31379
LDS2,Q08218
LEA1,Q08963
LEE1,Q02799
LEM3,P42838
LEO1,P38439
LEU1,P07264
LEU2,P04173
LEU3,P08638
LEU4,P06208
LEU5,P38702
LEU9,Q12166
LGE1,Q02796
LHP1,P33399
LHS1,P36016
LIA1,P47120
LIF1,P53150
LIH1,P47145
LIN1,P38852
LIP1,Q03579
LIP2,Q06005
LIP5,P32875
LMO1,Q07799
LNP1,P38878
LOA1,Q06508
LOC1,P43586
LOH1,P47055
LOS1,P33418
LOT5,P34234
LOT6,Q07923
LPD1,P09624
LPL1,Q08448
LPP1,Q04396
LPX1,Q12405
LRE1,P25579
LRG1,P35688
LRO1,P40345
LRP1,P38801
LRS4,Q04087
LSB1,P53281
LSB3,P43603
LSB5,P25369
LSB6,P42951
LSC1,P53598
LSC2,P53312
LSG1,P53145
LSM12,P38828
LSM1,P47017
LSM2,P38203
LSM3,P57743
LSM4,P40070
LSM5,P40089
LSM6,Q06406
LSM7,P53905
LSM8,P47093
LSO1,Q3E827
LSO2,Q3E772
LSP1,Q12230
LST4,P34239
LST7,P53237
LST8,P41318
LTE1,P07866
LTO1,P53846
LTP1,P40347
LTV1,P34078
LUC7,Q07508
LYP1,P32487
LYS1,P38998
LYS12,P40495
LYS14,P40971
LYS2,P07702
LYS20,P48570
LYS21,Q12122
LYS4,P49367
LYS5,P50113
LYS9,P38999
MAC1,P35192
MAD1,P40957
MAD2,P40958
MAD3,P47074
MAE1,P36013
MAF1,P41910
MAG1,P22134
MAG2,Q06436
MAK10,Q02197
MAK11,P20484
MAK16,P10962
MAK21,Q12176
MAK31,P23059
MAK32,P23060
MAK3,Q03503
MAK5,P38112
MAL11,P53048
MAL12,P53341
MAL13,P53338
MAL31,P38156
MAL32,P38158
MAL33,P38157
MAM1,P40065
MAM3,Q12296
MAM33,P40513
MAN2,P0CX09
MAP1,Q01662
MAP2,P38174
MAS1,P10507
MAS2,P11914
MATALPHA1,P0CY06
MATALPHA2,P0CY08
MBA1,P38300
MBB1,P39534
MBF1,O14467
MBP1,P39678
MBR1,P23493
MCA1,Q08601
MCD1,Q12158
MCD4,P36051
MCH1,Q07376
MCH2,P36032
MCH4,Q08268
MCH5,Q08777
MCK1,P21965
MCM10,P32354
MCM16,Q12262
MCM1,P11746
MCM2,P29469
MCM21,Q06675
MCM22,P47167
MCM3,P24279
MCM4,P30665
MCM5,P29496
MCM6,P53091
MCM7,P38132
MCO6,Q3E828
MCP1,Q12106
MCP2,Q06567
MCR1,P36060
MCT1,Q12283
MCX1,P38323
MCY1,P53206
MDE1,P47095
MDG1,P53885
MDH1,P17505
MDH2,P22133
MDH3,P32419
MDJ1,P35191
MDJ2,P42834
MDL1,P33310
MDL2,P33311
MDM1,Q01846
MDM10,P18409
MDM12,Q92328
MDM20,Q12387
MDM30,Q05930
MDM31,P38880
MDM32,Q12171
MDM34,P53083
MDM35,O60200
MDM36,Q06820
MDM38,Q08179
MDN1,Q12019
MDR1,P53258
MDS3,P53094
MDV1,P47025
MDY2,Q12285
MEC1,P38111
MEC3,Q02574
MED1,Q12321
MED11,Q99278
MED2,Q12124
MED4,Q12343
MED6,P38782
MED7,Q08278
MED8,P38304
MEF1,P25039
MEF2,P39677
MEH1,Q02205
MEI4,P29467
MEI5,P32489
MEK1,P24719
MEP1,P40260
MEP2,P41948
MEP3,P53390
MER1,P16523
MES1,P00958
MET10,P39692
MET12,P46151
MET13,P53128
MET14,Q02196
MET16,P18408
MET17,P06106
MET18,P40469
MET1,P36150
MET2,P08465
MET22,P32179
MET28,P40573
MET3,P08536
MET30,P39014
MET31,Q03081
MET32,Q12041
MET4,P32389
MET5,P47169
MET6,P05694
MET7,Q08645
MET8,P15807
MEU1,Q07938
MEX67,Q99257
MF(ALPHA)1,P01149
MF(ALPHA)2,P32435
MFA1,P34165
MFA2,P34166
MFB1,Q04922
MFG1,Q07684
MFM1,Q02783
MFT1,P33441
MGA1,P53050
MGA2,P40578
MGE1,P38523
MGL2,Q03649
MGM101,P32787
MGM1,P32266
MGR1,P25573
MGR2,Q02889
MGR3,Q04472
MGS1,P40151
MGT1,P26188
MHF1,Q3E835
MHF2,Q3E829
MHO1,P47085
MHP1,P43638
MHR1,Q06630
MHT1,Q12525
MIA40,P36046
MIC10,Q96VH5
MIC12,P38341
MIC19,P43594
MIC26,P50087
MIC27,P50945
MIC60,P36112
MID1,P41821
MID2,P36027
MIF2,P35201
MIG1,P27705
MIG2,P53035
MIG3,P39943
MIH1,P23748
MIL1,P43564
MIM1,Q08176
MIM2,Q3E798
MIP1,P15801
MIP6,P38760
MIR1,P23641
MIS1,P09440
MIT1,P40002
MIX14,Q04341
MIX17,Q03667
MIX23,P38162
MKC7,P53379
MKK1,P32490
MKK2,P32491
MKS1,P34072
MKT1,P40850
MLC1,P53141
MLC2,Q06580
MLF3,P32047
MLH1,P38920
MLH2,Q07980
MLH3,Q12083
MLP1,Q02455
MLP2,P40457
MLS1,P30952
MME1,Q03829
MMF1,P40185
MMM1,P41800
MMP1,Q12372
MMR1,Q06324
MMS1,Q06211
MMS2,P53152
MMS21,P38632
MMS22,Q06164
MMS4,P38257
MMT1,Q03218
MMT2,Q08970
MND1,P53102
MND2,P40577
MNE1,P24720
MNL1,P38888
MNL2,Q12205
MNN1,P39106
MNN10,P50108
MNN11,P46985
MNN2,P38069
MNN4,P36044
MNN5,P46982
MNN9,P39107
MNP1,P53163
MNR2,P35724
MNS1,P32906
MNT2,P53059
MNT3,P40549
MNT4,P53745
MOB1,P40484
MOB2,P43563
MOD5,P07884
MOG1,P47123
MOH1,P38191
MON1,P53129
MON2,P48563
MOT1,P32333
MOT2,P34909
MOT3,P54785
MPA43,P53583
MPC1,P53157
MPC2,P38857
MPC3,P53311
MPC54,Q08550
MPD1,Q12404
MPD2,Q99316
MPE1,P35728
MPH1,P40562
MPH2,P0CD99
MPH3,P0CE00
MPM1,P40364
MPO1,P25338
MPP10,P47083
MPP6,P53725
MPS1,P54199
MPS2,P53159
MPS3,P47069
MPT5,P39016
MRC1,P25588
MRD1,Q06106
MRE11,P32829
MRF1,P30775
MRH1,Q12117
MRH4,P53166
MRI1,Q06489
MRK1,P50873
MRL1,Q06815
MRM1,P25270
MRM2,P53123
MRN1,Q08925
MRP1,P10662
MRP10,O75012
MRP13,P12686
MRP17,P28778
MRP2,P10663
MRP20,P32387
MRP21,P38175
MRP49,P32388
MRP4,P32902
MRP51,Q02950
MRP7,P12687
MRP8,P35719
MRPL1,Q04599
MRPL10,P36520
MRPL11,P36521
MRPL13,Q02204
MRPL15,P36523
MRPL16,P38064
MRPL17,P36528
MRPL19,P53875
MRPL20,P22354
MRPL22,P53881
MRPL23,Q12487
MRPL24,P36525
MRPL25,P23369
MRPL27,P36526
MRPL28,P36527
MRPL3,P36516
MRPL31,P14063
MRPL32,P25348
MRPL33,P20084
MRPL35,Q06678
MRPL36,P36531
MRPL37,P36532
MRPL38,P35996
MRPL39,P36533
MRPL4,P36517
MRPL40,P36534
MRPL44,P19956
MRPL49,P40858
MRPL50,P53724
MRPL51,Q06090
MRPL6,P32904
MRPL7,P36519
MRPL8,P22353
MRPL9,P31334
MRPS12,P53732
MRPS16,Q02608
MRPS17,Q03246
MRPS18,P42847
MRPS28,P21771
MRPS35,P53292
MRPS5,P33759
MRPS8,Q03799
MRPS9,P38120
MRS1,P07266
MRS2,Q01926
MRS3,P10566
MRS4,P23500
MRS6,P32864
MRT4,P33201
MRX1,P40050
MRX10,Q05648
MRX11,Q03079
MRX12,P47084
MRX3,P38172
MRX4,Q12467
MRX5,P47007
MRX6,P48564
MRX7,P53869
MRX8,Q05473
MRX9,Q07349
MSA1,Q08471
MSA2,P36157
MSB1,P21339
MSB2,P32334
MSB3,P48566
MSB4,Q12317
MSC1,Q03104
MSC2,Q03455
MSC3,Q05812
MSC6,Q08818
MSC7,P38694
MSD1,P15179
MSE1,P48525
MSF1,P08425
MSG5,P38590
MSH1,P25846
MSH2,P25847
MSH3,P25336
MSH4,P40965
MSH5,Q12175
MSH6,Q03834
MSI1,P13712
MSK1,P32048
MSL1,P40567
MSL5,Q12186
MSM1,P22438
MSN1,P22148
MSN2,P33748
MSN4,P33749
MSN5,P52918
MSO1,P53604
MSP1,P28737
MSR1,P38714
MSS11,Q03825
MSS116,P15424
MSS18,P08593
MSS1,P32559
MSS2,P40990
MSS4,P38994
MSS51,P32335
MST1,P07236
MST27,P53176
MST28,P39552
MSW1,P04803
MSY1,P48527
MTC1,P47018
MTC2,P34246
MTC3,P53077
MTC4,P38335
MTC5,Q03897
MTC6,P38849
MTC7,P32633
MTD1,Q02046
MTF1,P14908
MTF2,P10849
MTG1,Q03151
MTG2,P38860
MTH1,P35198
MTL1,P53214
MTM1,P53320
MTO1,P53070
MTQ1,P53944
MTQ2,Q03920
MTR10,Q99189
MTR2,P34232
MTR3,P48240
MTR4,P47047
MTW1,P39731
MUB1,Q03162
MUD1,P32605
MUD2,P36084
MUK1,Q02866
MUM2,P38236
MUM3,Q08750
MUP1,P50276
MUP3,P38734
MUS81,Q04149
MVB12,P42939
MVD1,P32377
MVP1,P40959
MXR1,P40029
MXR2,P25566
MYO1,P08964
MYO2,P19524
MYO3,P36006
MYO4,P32492
MYO5,Q04439
MZM1,Q03429
NAB2,P32505
NAB3,P38996
NAB6,Q03735
NAF1,P53919
NAG1,Q8TGN9
NAM2,P11325
NAM7,P30771
NAM8,Q00539
NAM9,P27929
NAN1,Q02931
NAP1,P25293
NAR1,P23503
NAS2,P40555
NAS6,P50086
NAT1,P12945
NAT2,P37293
NAT3,Q06504
NAT4,Q04751
NAT5,Q08689
NBA1,Q08229
NBL1,Q3E7Y6
NBP1,P52919
NBP2,Q12163
NBP35,P52920
NCA2,Q12374
NCA3,P46955
NCB2,Q92317
NCE101,Q02820
NCE102,Q12207
NCE103,P53615
NCL1,P38205
NCP1,P16603
NCR1,Q12200
NCS2,P53923
NCS6,P53088
NCW2,Q05777
NDC1,P32500
NDC80,P40460
NDD1,Q08887
NDE1,P40215
NDE2,Q07500
NDI1,P32340
NDJ1,Q12366
NDL1,Q06568
NDT80,P38830
NEJ1,Q06148
NEL1,P38769
NEM1,P38757
NEO1,P40527
NET1,P47035
NEW1,Q08972
NFI1,Q12216
NFS1,P25374
NFT1,P0CE68
NFU1,P32860
NGG1,P32494
NGL1,Q08213
NGL2,Q03264
NGL3,Q03210
NGR1,P32831
NHA1,Q99271
NHP10,Q03435
NHP2,P32495
NHP6A,P11632
NHP6B,P11633
NHX1,Q04121
NIC96,P34077
NIF3,P53081
NIP1,P32497
NIP100,P33420
NIP7,Q08962
NIS1,P53939
NIT1,P40447
NIT2,P47016
NIT3,P49954
NKP1,Q12493
NKP2,Q06162
NMA1,Q06178
NMA111,P53920
NMA2,P53204
NMD2,P38798
NMD3,P38861
NMD4,Q12129
NMD5,P46970
NMT1,P14743
NNF1,P47149
NNF2,P53253
NNK1,P36003
NNR1,P40165
NNR2,P36059
NNT1,Q05874
NOB1,Q08444
NOC2,P39744
NOC3,Q07896
NOC4,Q06512
NOG1,Q02892
NOG2,P53742
NOP10,Q6Q547
NOP12,Q08208
NOP13,P53883
NOP14,Q99207
NOP15,P53927
NOP16,P40007
NOP19,P53317
NOP1,P15646
NOP2,P40991
NOP4,P37838
NOP53,Q12080
NOP56,Q12460
NOP58,Q12499
NOP6,Q07623
NOP7,P53261
NOP8,Q08287
NOP9,P47077
NOT3,P06102
NOT5,Q12514
NPA3,P47122
NPC2,Q12408
NPL3,Q01560
NPL4,P33755
NPL6,P32832
NPP1,P25353
NPP2,P39997
NPR1,P22211
NPR2,P39923
NPR3,P38742
NPT1,P39683
NPY1,P53164
NQM1,P53228
NRD1,P53617
NRG1,Q03125
NRG2,P38082
NRK1,P53915
NRM1,P53718
NRP1,P32770
NRT1,Q08485
NSA1,P53136
NSA2,P40078
NSE1,Q07913
NSE3,Q05541
NSE4,P43124
NSE5,Q03718
NSG1,P38837
NSG2,P53898
NSI1,Q12457
NSL1,Q12143
NSP1,P14907
NSR1,P27476
NST1,P53935
NTA1,P40354
NTC20,P38302
NTE1,Q04958
NTF2,P33331
NTG1,P31378
NTG2,Q08214
NTH1,P32356
NTH2,P35172
NTO1,Q12311
NTR2,P36118
NUC1,P08466
NUD1,P32336
NUF2,P33895
NUG1,P40010
NUM1,Q00402
NUP1,P20676
NUP100,Q02629
NUP116,Q02630
NUP120,P35729
NUP133,P36161
NUP145,P49687
NUP157,P40064
NUP159,P40477
NUP170,P38181
NUP188,P52593
NUP192,P47054
NUP2,P32499
NUP42,P49686
NUP49,Q02199
NUP53,Q03790
NUP57,P48837
NUP60,P39705
NUP82,P40368
NUP84,P52891
NUP85,P46673
NUR1,Q12066
NUS1,Q12063
NUT1,P53114
NUT2,Q06213
NVJ1,P38881
NVJ2,Q06833
NYV1,Q12255
OAC1,P32332
OAF1,P39720
OAF3,P36023
OAR1,P35731
OAZ1,Q02803
OCA1,P50946
OCA2,P53949
OCA4,P25366
OCA5,P38738
OCA6,Q12454
OCH1,P31755
OCT1,P35999
ODC1,Q03028
ODC2,Q99297
OGG1,P53397
OKP1,P53298
OLA1,P38219
OLE1,P21147
OLI1,P61829
OM14,P38325
OM45,P16547
OMA1,P36163
OMS1,Q06668
OPI1,P21957
OPI10,Q08202
OPI11,A0A023PZI1
OPI3,P05375
OPI6,Q07521
OPI7,P87286
OPI8,P36129
OPI9,O94084
OPT1,P40897
OPT2,Q06593
OPY1,P38271
OPY2,Q06810
ORC1,P54784
ORC2,P32833
ORC3,P54790
ORC4,P54791
ORC5,P50874
ORC6,P38826
ORM1,P53224
ORM2,Q06144
ORT1,Q12375
OSH2,Q12451
OSH3,P38713
OSH6,Q02201
OSH7,P38755
OSM1,P21375
OST1,P41543
OST2,P46964
OST3,P48439
OST4,Q99380
OST5,Q92316
OST6,Q03723
OSW1,Q08692
OSW2,Q12202
OSW5,P40219
OSW7,P43611
OTU1,P43558
OTU2,P38747
OXA1,P39952
OXP1,P28273
OXR1,Q08952
OYE2,Q03558
OYE3,P41816
PAA1,Q12447
PAB1,P04147
PAC10,P48363
PAC11,P40960
PAC1,P39946
PAC2,P39937
PAD1,P33751
PAF1,P38351
PAH1,P32567
PAI3,P01094
PAL1,Q05518
PAM1,P37304
PAM16,P42949
PAM17,P36147
PAM18,Q07914
PAN1,P32521
PAN2,P53010
PAN3,P36102
PAN5,P38787
PAN6,P40459
PAP1,P29468
PAP2,P53632
PAR32,Q12515
PAT1,P25644
PAU1,P0CE88
PAU10,Q03050
PAU11,P0CE93
PAU12,P53343
PAU13,P38725
PAU14,P0CE89
PAU15,P40585
PAU16,P35994
PAU17,Q12370
PAU18,P0CE91
PAU19,P0CE85
PAU2,P32612
PAU20,Q08322
PAU21,P0CE86
PAU22,P0CE87
PAU23,Q07987
PAU24,P38155
PAU3,P25610
PAU4,P53427
PAU5,P43575
PAU6,P0CE90
PAU7,P39545
PAU8,P0CE92
PAU9,Q3E770
PBA1,Q05778
PBI2,P0CT04
PBN1,P25580
PBP1,P53297
PBP2,P38151
PBP4,Q07362
PBS2,P08018
PBY1,P38254
PCA1,P38360
PCC1,Q3E833
PCD1,Q12524
PCF11,P39081
PCH2,P38126
PCI8,P40512
PCK1,P10963
PCL10,P53124
PCL1,P24867
PCL2,P25693
PCL5,P38794
PCL6,P40038
PCL7,P40186
PCL8,Q08966
PCL9,Q12477
PCM1,P38628
PCP1,P53259
PCS60,P38137
PCT1,P13259
PDA1,P16387
PDB1,P32473
PDC1,P06169
PDC2,P32896
PDC5,P16467
PDC6,P26263
PDE1,P22434
PDE2,P06776
PDH1,Q12428
PDI1,P17967
PDR10,P51533
PDR11,P40550
PDR12,Q02785
PDR15,Q04182
PDR16,P53860
PDR17,P53844
PDR18,P53756
PDR1,P12383
PDR3,P33200
PDR5,P33302
PDR8,Q06149
PDS1,P40316
PDS5,Q04264
PDX1,P16451
PDX3,P38075
PEA2,P40091
PEF1,P53238
PEP12,P32854
PEP1,P32319
PEP3,P27801
PEP4,P07267
PEP5,P12868
PEP7,P32609
PEP8,P40335
PER1,P25625
PER33,Q12144
PES4,P39684
PET10,P36139
PET100,P38958
PET111,P08468
PET112,P33893
PET117,Q02771
PET122,P10355
PET123,P17558
PET127,P32606
PET130,P47065
PET18,P25362
PET191,Q02772
PET20,Q99373
PET309,P32522
PET494,P07390
PET54,P10834
PET8,P38921
PET9,P18239
PEX10,Q05568
PEX11,Q12462
PEX12,Q04370
PEX13,P80667
PEX14,P53112
PEX15,Q08215
PEX17,P40155
PEX18,P38855
PEX19,Q07418
PEX1,P24004
PEX21,P50091
PEX22,P39718
PEX25,Q02969
PEX27,Q08580
PEX28,P38848
PEX29,Q03370
PEX2,P32800
PEX30,Q06169
PEX31,P53203
PEX32,P38292
PEX34,P25584
PEX3,P28795
PEX4,P29340
PEX5,P35056
PEX6,P33760
PEX7,P39108
PEX8,P53248
PEX9,Q04364
PFA3,P42836
PFA4,Q12006
PFA5,Q03289
PFD1,P46988
PFF1,P38244
PFK1,P16861
PFK2,P16862
PFK26,P40433
PFK27,Q12471
PFS1,P38872
PFS2,P42841
PFY1,P07274
PGA1,P53896
PGA2,P53903
PGA3,Q12746
PGC1,Q08959
PGD1,P40356
PGI1,P12709
PGK1,P00560
PGM1,P33401
PGM2,P37012
PGS1,P25578
PGU1,P47180
PHA2,P32452
PHB1,P40961
PHB2,P50085
PHD1,P36093
PHM6,Q05637
PHM7,Q12252
PHM8,P40025
PHO11,P35842
PHO12,P38693
PHO13,P19881
PHO23,P50947
PHO2,P07269
PHO3,P24031
PHO4,P07270
PHO5,P00635
PHO8,P11491
PHO80,P20052
PHO81,P17442
PHO84,P25297
PHO85,P17157
PHO86,P46956
PHO87,P25360
PHO88,P38264
PHO89,P38361
PHO90,P39535
PHO91,P27514
PHO92,Q06390
PHR1,P05066
PHS1,P40857
PIB1,Q06651
PIB2,P53191
PIC2,P40035
PIF1,P07271
PIG1,Q06216
PIG2,P40187
PIH1,P38768
PIK1,P39104
PIL1,P53252
PIM1,P36775
PIN2,Q12057
PIN3,Q06449
PIN4,P34217
PIP2,P52960
PIR1,Q03178
PIR3,Q03180
PIR5,P46999
PIS1,P06197
PKC1,P24583
PKH1,Q03407
PKH2,Q12236
PKH3,Q03306
PKP1,P40530
PKP2,P53170
PKR1,Q03880
PLB1,P39105
PLB2,Q03674
PLB3,Q08108
PLC1,P32383
PLM2,Q04383
PLP1,Q04004
PLP2,Q12017
PMA1,P05030
PMA2,P19657
PMC1,P38929
PMD1,P32634
PMI40,P29952
PML1,Q07930
PML39,Q03760
PMP1,P32903
PMP2,P40975
PMP3,P87284
PMR1,P13586
PMS1,P14242
PMT1,P33775
PMT2,P31382
PMT3,P47190
PMT4,P46971
PMT5,P52867
PMT6,P42934
PMT7,Q06644
PMU1,P36069
PNC1,P53184
PNG1,Q02890
PNO1,Q99216
PNP1,Q05788
PNS1,Q12412
PNT1,P38969
POA1,P38218
POB3,Q04636
POC4,Q12245
POF1,P25576
POG1,P40473
POL12,P38121
POL1,P13382
POL2,P21951
POL30,P15873
POL31,P46957
POL32,P47110
POL3,P15436
POL4,P25615
POL5,P39985
POM152,P39685
POM33,Q12164
POM34,Q12445
POP1,P41812
POP2,P39008
POP3,P53833
POP4,P38336
POP5,P28005
POP6,P53218
POP7,P38291
POP8,P38208
POR1,P04840
POR2,P40478
POS5,Q06892
POT1,P27796
POX1,P13711
PPA2,P28239
PPE1,P38796
PPG1,P32838
PPH21,P23594
PPH22,P23595
PPH3,P32345
PPM1,Q04081
PPM2,Q08282
PPN1,Q04119
PPQ1,P32945
PPR1,P07272
PPS1,P38148
PPT1,P53043
PPT2,Q12036
PPX1,P38698
PPZ1,P26570
PPZ2,P33329
PRB1,P09232
PRC1,P00729
PRD1,P25375
PRE1,P22141
PRE10,P21242
PRE2,P30656
PRE3,P38624
PRE4,P30657
PRE5,P40302
PRE6,P40303
PRE7,P23724
PRE8,P23639
PRE9,P23638
PRI1,P10363
PRI2,P20457
PRK1,P40494
PRM1,P53835
PRM10,P42946
PRM15,Q03262
PRM2,P40534
PRM3,Q08931
PRM4,Q12498
PRM5,P40476
PRM6,Q04705
PRM7,Q12459
PRM8,P53174
PRM9,P39551
PRO1,P32264
PRO2,P54885
PRO3,P32263
PRP11,Q07350
PRP16,P15938
PRP18,P33411
PRP19,P32523
PRP21,P32524
PRP22,P24384
PRP24,P49960
PRP28,P23394
PRP2,P20095
PRP31,P49704
PRP38,Q00723
PRP39,P39682
PRP3,Q03338
PRP40,P33203
PRP42,Q03776
PRP43,P53131
PRP45,P28004
PRP46,Q12417
PRP4,P20053
PRP5,P21372
PRP6,P19735
PRP8,P33334
PRP9,P19736
PRR1,P28708
PRR2,Q12310
PRS1,P32895
PRS2,P38620
PRS3,P38689
PRS4,P38063
PRS5,Q12265
PRT1,P06103
PRX1,P34227
PRY1,P47032
PRY2,P36110
PRY3,P47033
PSA1,P41940
PSD1,P39006
PSD2,P53037
PSE1,P32337
PSF1,Q12488
PSF2,P40359
PSF3,Q12146
PSG1,P36081
PSH1,Q12161
PSK1,P31374
PSK2,Q08217
PSO2,P30620
PSP1,P50896
PSP2,P50109
PSR1,Q07800
PSR2,Q07949
PST1,Q12355
PST2,Q12335
PSY1,P36082
PSY2,P40164
PSY3,Q12318
PSY4,P38193
PTA1,Q01329
PTC1,P35182
PTC2,P39966
PTC3,P34221
PTC4,P38089
PTC5,Q12511
PTC6,P25646
PTC7,P38797
PTH1,P38876
PTH2,P34222
PTI1,P39927
PTK1,P36002
PTK2,P47116
PTM1,P32857
PTP1,P25044
PTP2,P29461
PTP3,P40048
PTR2,P32901
PTR3,P43606
PUB1,P32588
PUF2,Q12221
PUF3,Q07807
PUF4,P25339
PUF6,Q04373
PUG1,P40100
PUN1,Q06991
PUP1,P25043
PUP2,P32379
PUP3,P25451
PUS1,Q12211
PUS2,P53167
PUS4,P48567
PUS5,Q06244
PUS6,P53294
PUS7,Q08647
PUS9,Q12069
PUT1,P09368
PUT2,P07275
PUT3,P25502
PUT4,P15380
PWP1,P21304
PWP2,P25635
PXA1,P41909
PXA2,P34230
PXL1,P36166
PXP1,P39994
PXP2,P47148
PXR1,P53335
PYC1,P11154
PYC2,P32327
PYK2,P52489
PYP1,P53981
PZF1,P39933
QCR10,P37299
QCR2,P07257
QCR6,P00127
QCR7,P00128
QCR8,P08525
QCR9,P22289
QDR1,P40475
QDR2,P40474
QDR3,P38227
QNS1,P38795
QRI1,P43123
QRI5,P32344
QRI7,P43122
RAD1,P06777
RAD10,P06838
RAD14,P28519
RAD16,P31244
RAD17,P48581
RAD18,P10862
RAD2,P07276
RAD23,P32628
RAD24,P32641
RAD26,P40352
RAD27,P26793
RAD28,Q12021
RAD30,Q04049
RAD33,Q04231
RAD34,Q06665
RAD3,P06839
RAD4,P14736
RAD50,P12753
RAD51,P25454
RAD52,P06778
RAD53,P22216
RAD54,P32863
RAD55,P38953
RAD57,P25301
RAD59,Q12223
RAD5,P32849
RAD61,Q99359
RAD6,P06104
RAD7,P06779
RAD9,P14737
RAF1,Q06891
RAI1,P53063
RAM1,P22007
RAM2,P29703
RAP1,P11938
RAS1,P01119
RAS2,P01120
RAT1,Q02792
RAV1,P47104
RAV2,Q03956
RAX1,Q08760
RAX2,Q12465
RBA50,Q04418
RBD2,Q12270
RBG1,P39729
RBG2,P53295
RBK1,P25332
RBL2,P48606
RBS1,Q05672
RCE1,Q03530
RCF1,Q03713
RCF2,P53721
RCH1,Q05131
RCK1,P38622
RCK2,P38623
RCL1,Q08096
RCM1,P53972
RCN1,P36054
RCN2,Q12044
RCO1,Q04779
RCR1,P38212
RCR2,Q03446
RCY1,P39531
RDH54,P38086
RDI1,Q12434
RDL1,Q12305
RDL2,Q08742
RDR1,Q08904
RDS1,P25611
RDS2,P19541
RDS3,Q06835
RDT1,A0A0B7P221
REB1,P21538
REC102,Q02721
REC104,P33323
REC107,P21651
REC114,P32841
REC8,Q12188
RED1,P14291
REE1,P40893
REF2,P42073
REG1,Q00816
REG2,P38232
REH1,Q06709
REI1,P38344
REP1,P03871
REP2,P03872
RER1,P25560
RER2,P35196
RET1,P22276
RET2,P43621
RET3,P53600
REV1,P12689
REV3,P14284
REV7,P38927
REX2,P54964
REX3,Q12090
REX4,Q08237
RFA1,P22336
RFA2,P26754
RFA3,P26755
RFC1,P38630
RFC2,P40348
RFC3,P38629
RFC4,P40339
RFC5,P38251
RFM1,Q12192
RFS1,P38234
RFT1,P38206
RFU1,Q08003
RFX1,P48743
RGA1,P39083
RGA2,Q06407
RGC1,Q06108
RGD1,P38339
RGD2,P43556
RGI1,P40043
RGI2,P40188
RGL1,Q12194
RGM1,Q00453
RGP1,P16664
RGR1,P19263
RGS2,Q99188
RGT1,P32862
RGT2,Q12300
RHB1,P25378
RHO1,P06780
RHO2,P06781
RHO3,Q00245
RHO4,Q00246
RHO5,P53879
RIA1,P53893
RIB1,P38066
RIB2,Q12362
RIB3,Q99258
RIB4,P50861
RIB5,P38145
RIB7,P33312
RIC1,P40395
RIF1,P29539
RIF2,Q06208
RIM1,P32445
RIM101,P33400
RIM11,P38615
RIM13,Q03792
RIM15,P43565
RIM2,P38127
RIM20,Q12033
RIM21,P48565
RIM4,P38741
RIM8,P53179
RIM9,Q04734
RIO1,Q12196
RIO2,P40160
RIP1,P08067
RIT1,P23796
RIX1,P38883
RIX7,Q07844
RKI1,Q12189
RKM1,Q08961
RKM2,Q03942
RKM3,P38222
RKM4,Q12504
RKM5,Q12367
RKR1,Q04781
RLF2,Q12495
RLI1,Q03195
RLM1,Q12224
RLP24,Q07915
RLP7,P40693
RMA1,P36001
RMD1,Q03441
RMD5,Q12508
RMD6,P39975
RMD8,P43620
RMD9,P53140
RME1,P32338
RMI1,Q02685
RML2,P32611
RMP1,Q12530
RMR1,P53060
RMT2,Q03305
RNA1,P11745
RNA14,P25298
RNA15,P25299
RNH1,Q04740
RNH201,P53942
RNH202,Q05635
RNH203,Q12338
RNH70,P53331
RNP1,P32385
RNQ1,P25367
RNR1,P21524
RNR2,P09938
RNR3,P21672
RNR4,P49723
RNT1,Q02555
RNY1,Q02933
ROD1,Q02805
ROG1,P53118
ROG3,P43602
ROK1,P45818
ROM1,P53046
ROM2,P51862
ROT1,Q03691
ROT2,P38138
ROX1,P25042
ROX3,P25046
ROY1,Q04847
RPA12,P32529
RPA135,P22138
RPA14,P50106
RPA190,P10964
RPA34,P47006
RPA43,P46669
RPA49,Q01080
RPB10,P22139
RPB11,P38902
RPB2,P08518
RPB3,P16370
RPB4,P20433
RPB5,P20434
RPB7,P34087
RPB8,P20436
RPB9,P27999
RPC10,P40422
RPC11,Q04307
RPC17,P47076
RPC19,P28000
RPC25,P35718
RPC31,P17890
RPC34,P32910
RPC37,P36121
RPC40,P07703
RPC53,P25441
RPC82,P32349
RPD3,P32561
RPE1,P46969
RPF1,P38805
RPF2,P36160
RPG1,P38249
RPH1,P39956
RPI1,P23250
RPL10,P41805
RPL11A,P0C0W9
RPL11B,Q3E757
RPL12A,P0CX53
RPL12B,P0CX54
RPL13A,Q12690
RPL13B,P40212
RPL14A,P36105
RPL14B,P38754
RPL15A,P05748
RPL15B,P54780
RPL16A,P26784
RPL16B,P26785
RPL17A,P05740
RPL17B,P46990
RPL18A,P0CX49
RPL18B,P0CX50
RPL19A,P0CX82
RPL19B,P0CX83
RPL1A,P0CX43
RPL1B,P0CX44
RPL20A,P0CX23
RPL20B,P0CX24
RPL21A,Q02753
RPL21B,Q12672
RPL22A,P05749
RPL22B,P56628
RPL23A,P0CX41
RPL23B,P0CX42
RPL24A,P04449
RPL24B,P24000
RPL25,P04456
RPL26A,P05743
RPL26B,P53221
RPL27A,P0C2H6
RPL27B,P0C2H7
RPL28,P02406
RPL29,P05747
RPL2A,P0CX45
RPL2B,P0CX46
RPL30,P14120
RPL31A,P0C2H8
RPL31B,P0C2H9
RPL32,P38061
RPL33A,P05744
RPL33B,P41056
RPL34A,P87262
RPL34B,P40525
RPL35A,P0CX84
RPL35B,P0CX85
RPL36A,P05745
RPL36B,O14455
RPL37A,P49166
RPL37B,P51402
RPL38,P49167
RPL39,P04650
RPL3,P14126
RPL40A,P0CH08
RPL40B,P0CH09
RPL41A,P0CX86
RPL41B,P0CX87
RPL42A,P0CX27
RPL42B,P0CX28
RPL43A,P0CX25
RPL43B,P0CX26
RPL4A,P10664
RPL4B,P49626
RPL5,P26321
RPL6A,Q02326
RPL6B,P05739
RPL7A,P05737
RPL7B,Q12213
RPL8A,P17076
RPL8B,P29453
RPL9A,P05738
RPL9B,P51401
RPM2,Q02773
RPN10,P38886
RPN11,P43588
RPN12,P32496
RPN13,O13563
RPN14,P53196
RPN1,P38764
RPN2,P32565
RPN3,P40016
RPN4,Q03465
RPN5,Q12250
RPN6,Q12377
RPN7,Q06103
RPN8,Q08723
RPN9,Q04062
RPO21,P04050
RPO26,P20435
RPO31,P04051
RPO41,P13433
RPP0,P05317
RPP1,P38786
RPP1A,P05318
RPP1B,P10622
RPP2A,P05319
RPP2B,P02400
RPR2,P40571
RPS0A,P32905
RPS0B,P46654
RPS10A,Q08745
RPS10B,P46784
RPS11A,P0CX47
RPS11B,P0CX48
RPS12,P48589
RPS13,P05756
RPS14A,P06367
RPS14B,P39516
RPS15,Q01855
RPS16A,P0CX51
RPS16B,P0CX52
RPS17A,P02407
RPS17B,P14127
RPS18A,P0CX55
RPS18B,P0CX56
RPS19A,P07280
RPS19B,P07281
RPS1A,P33442
RPS1B,P23248
RPS20,P38701
RPS21A,P0C0V8
RPS21B,Q3E754
RPS22A,P0C0W1
RPS22B,Q3E7Y3
RPS23A,P0CX29
RPS23B,P0CX30
RPS24A,P0CX31
RPS24B,P0CX32
RPS25A,Q3E792
RPS25B,P0C0T4
RPS26A,P39938
RPS26B,P39939
RPS27A,P35997
RPS27B,P38711
RPS28A,Q3E7X9
RPS28B,P0C0X0
RPS29A,P41057
RPS29B,P41058
RPS2,P25443
RPS30A,P0CX33
RPS30B,P0CX34
RPS31,P05759
RPS3,P05750
RPS4A,P0CX35
RPS4B,P0CX36
RPS5,P26783
RPS6A,P0CX37
RPS6B,P0CX38
RPS7A,P26786
RPS7B,P48164
RPS8A,P0CX39
RPS8B,P0CX40
RPS9A,O13516
RPS9B,P05755
RPT1,P33299
RPT2,P40327
RPT3,P33298
RPT4,P53549
RPT5,P33297
RPT6,Q01939
RQC1,Q05468
RQC2,Q12532
RQT4,P36119
RRB1,Q04225
RRD1,P40454
RRD2,Q12461
RRF1,P38771
RRG1,Q12167
RRG7,Q08774
RRG8,Q06109
RRG9,P40156
RRI1,Q12468
RRI2,Q12348
RRM3,P38766
RRN10,P38204
RRN11,Q04712
RRN3,P36070
RRN5,Q02983
RRN6,P32786
RRN7,P40992
RRN9,P53437
RRP1,P35178
RRP12,Q12754
RRP14,P36080
RRP15,Q06511
RRP17,Q04031
RRP3,P38712
RRP36,Q12481
RRP4,P38792
RRP40,Q08285
RRP42,Q12277
RRP43,P25359
RRP45,Q05636
RRP46,P53256
RRP5,Q05022
RRP6,Q12149
RRP7,P25368
RRP8,P38961
RRP9,Q06506
RRS1,Q08746
RRT1,P38192
RRT12,P25381
RRT13,P40042
RRT14,P40470
RRT15,Q3E811
RRT16,P50943
RRT2,P38332
RRT5,P43607
RRT6,P53117
RRT7,Q07829
RRT8,Q08219
RSA1,Q08932
RSA3,Q05942
RSA4,P25382
RSB1,Q08417
RSC1,P53236
RSC2,Q06488
RSC3,Q06639
RSC30,P38781
RSC4,Q02206
RSC58,Q07979
RSC6,P25632
RSC8,P43609
RSC9,Q03124
RSE1,Q04693
RSF1,Q05043
RSF2,P46974
RSM10,Q03201
RSM18,P40033
RSM19,P53733
RSM22,P36056
RSM23,Q01163
RSM24,Q03976
RSM25,P40496
RSM26,P47141
RSM27,P53305
RSM28,Q03430
RSM7,P47150
RSN1,Q03516
RSP5,P39940
RSR1,P13856
RTA1,P53047
RTC1,Q08281
RTC2,P38279
RTC3,P38804
RTC4,P53850
RTC5,Q12108
RTC6,O14464
RTF1,P53064
RTG1,P32607
RTG2,P32608
RTG3,P38165
RTK1,Q12100
RTN1,Q04947
RTN2,Q12443
RTP1,Q12751
RTR1,P40084
RTR2,Q12378
RTS1,P38903
RTS2,P40962
RTS3,P53289
RTT101,P47050
RTT102,P53330
RTT103,Q05543
RTT105,P40063
RTT106,P40161
RTT107,P38850
RTT109,Q07794
RTT10,Q08924
RUB1,Q03919
RUD3,Q12234
RUP1,Q12242
RVB1,Q03940
RVB2,Q12464
RVS161,P25343
RVS167,P39743
RXT2,P38255
RXT3,Q07458
SAC1,P32368
SAC3,P46674
SAC6,P32599
SAC7,P17121
SAD1,P43589
SAE2,P46946
SAE3,P89114
SAF1,P38352
SAG1,P20840
SAH1,P39954
SAK1,P38990
SAL1,D6W196
SAM1,P10659
SAM2,P19358
SAM3,Q08986
SAM35,P14693
SAM37,P50110
SAM4,Q08985
SAM50,P53969
SAN1,P22470
SAP1,P39955
SAP155,P43612
SAP185,P40856
SAP190,P36123
SAP30,P38429
SAP4,P53036
SAR1,P20606
SAS10,Q12136
SAS2,P40963
SAS3,P34218
SAS4,Q04003
SAS5,Q99314
SAT4,P25333
SAW1,P39735
SAY1,P53324
SBA1,P28707
SBE2,P42223
SBE22,P38814
SBH1,P52870
SBH2,P52871
SBP1,P10080
SCC2,Q04002
SCC4,P40090
SCD5,P34758
SCD6,P45978
SCEI,P03882
SCH9,P11792
SCJ1,P25303
SCL1,P21243
SCM3,Q12334
SCM4,P32564
SCO1,P23833
SCO2,P38072
SCP1,Q08873
SCP160,P06105
SCS2,P40075
SCS22,Q6Q595
SCS3,P53012
SCS7,Q03529
SCT1,P32784
SCW10,Q04951
SCW11,P53189
SCW4,P53334
SCY1,P53009
SDA1,P53313
SDC1,Q03323
SDC25,P0CF34
SDD1,P39983
SDH1,Q00711
SDH2,P21801
SDH3,P33421
SDH4,P37298
SDH5,Q08230
SDH6,Q3E785
SDH7,Q04401
SDH8,P38345
SDL1,P0CF22
SDO1,Q07953
SDP1,P40479
SDS22,P36047
SDS23,P53172
SDS24,P38314
SDS3,P40505
SDT1,P53078
SEA4,P38164
SEC1,P30619
SEC10,Q06245
SEC11,P15367
SEC12,P11655
SEC13,Q04491
SEC14,P24280
SEC15,P22224
SEC16,P48415
SEC17,P32602
SEC18,P18759
SEC2,P17065
SEC20,P28791
SEC21,P32074
SEC22,P22214
SEC23,P15303
SEC24,P40482
SEC26,P41810
SEC27,P41811
SEC28,P40509
SEC31,P38968
SEC39,Q12745
SEC3,P33332
SEC4,P07560
SEC5,P89102
SEC53,P07283
SEC59,P20048
SEC6,P32844
SEC61,P32915
SEC62,P21825
SEC63,P14906
SEC65,P29478
SEC66,P33754
SEC7,P11075
SEC72,P39742
SEC8,P32855
SEC9,P40357
SED1,Q01589
SED4,P25365
SED5,Q01590
SEF1,P34228
SEG1,Q04279
SEG2,P34250
SEH1,P53011
SEI1,Q06058
SEM1,O94742
SEN1,Q00416
SEN15,Q04675
SEN2,P16658
SEN34,P39707
SEN54,Q02825
SEO1,P39709
SER1,P33330
SER2,P42941
SER3,P40054
SER33,P40510
SES1,P07284
SET1,P38827
SET2,P46995
SET3,P36124
SET4,P42948
SET5,P38890
SET6,Q12529
SEY1,Q99287
SFA1,P32771
SFB2,P53953
SFB3,P38810
SFC1,P33303
SFG1,Q12507
SFH1,Q06168
SFH5,P47008
SFI1,Q12369
SFK1,P35735
SFL1,P20134
SFM1,Q12314
SFP1,P32432
SFT1,P43682
SFT2,P38166
SGA1,P08019
SGD1,Q06132
SGE1,P33335
SGF11,Q03067
SGF29,P25554
SGF73,P53165
SGM1,P47166
SGN1,P40561
SGO1,Q08490
SGS1,P35187
SGT1,Q08446
SGT2,Q12118
SGV1,P23293
SHB17,P36136
SHC1,P39000
SHE1,P38200
SHE10,P53075
SHE2,P36068
SHE3,P38272
SHE4,P51534
SHE9,Q04172
SHG1,P38337
SHH3,Q04487
SHH4,Q06236
SHM1,P37292
SHM2,P37291
SHO1,P40073
SHP1,P34223
SHQ1,P40486
SHR3,Q02774
SHR5,P41912
SHS1,Q07657
SHU1,P38751
SHU2,P38957
SHY1,P53266
SIA1,Q12212
SIC1,P38634
SIF2,P38262
SIL1,Q08199
SIM1,P40472
SIN3,P22579
SIN4,P32259
SIP1,P32578
SIP18,P50263
SIP2,P34164
SIP3,P38717
SIP4,P46954
SIP5,P40210
SIR1,P21691
SIR2,P06700
SIR3,P06701
SIR4,P11978
SIS1,P25294
SIS2,P36024
SIT1,P39980
SIT4,P20604
SIW14,P53965
SIZ1,Q04195
SKG1,P36169
SKG3,Q06315
SKG6,P32900
SKI2,P35207
SKI3,P17883
SKI6,P46948
SKI7,Q08491
SKI8,Q02793
SKM1,Q12469
SKN1,P33336
SKN7,P38889
SKO1,Q02100
SKP1,P52286
SKP2,P42843
SKS1,Q12505
SKT5,P34226
SKY1,Q03656
SLA1,P32790
SLA2,P33338
SLC1,P33333
SLD2,P34252
SLD3,P53135
SLD5,Q03406
SLD7,Q08457
SLF1,Q12034
SLG1,P54867
SLH1,P53327
SLI1,P53304
SLI15,P38283
SLK19,Q08581
SLM1,P40485
SLM2,P53955
SLM3,Q12093
SLM4,P38247
SLM5,P25345
SLM6,P38343
SLN1,P39928
SLO1,Q3E784
SLP1,Q12232
SLS1,P42900
SLT2,Q00772
SLU7,Q02775
SLX1,P38324
SLX4,Q12098
SLX5,P32828
SLX8,P40072
SLX9,P53251
SLY1,P22213
SLY41,P22215
SLZ1,P40167
SMA1,Q02651
SMA2,Q04658
SMB1,P40018
SMC1,P32908
SMC2,P38989
SMC3,P47037
SMC4,Q12267
SMC5,Q08204
SMC6,Q12749
SMD1,Q02260
SMD2,Q06217
SMD3,P43321
SME1,Q12330
SMF1,P38925
SMF2,P38778
SMF3,Q12078
SMI1,P32566
SMK1,P41808
SML1,Q04964
SMM1,P53720
SMP1,P38128
SMP3,Q04174
SMT3,Q12306
SMX2,P40204
SMX3,P54999
SMY1,P32364
SMY2,P32909
SNA2,P56508
SNA3,P14359
SNA4,Q07549
SNC1,P31109
SNC2,P33328
SND1,Q04007
SNF11,P38956
SNF12,P53628
SNF1,P06782
SNF2,P22082
SNF3,P10870
SNF4,P12904
SNF5,P18480
SNF6,P18888
SNF7,P39929
SNF8,Q12483
SNG1,P46950
SNL1,P40548
SNM1,P40993
SNN1,P48232
SNO1,Q03144
SNO2,P53823
SNO3,P43544
SNO4,Q04902
SNP1,Q00916
SNQ2,P32568
SNT1,P25357
SNT2,P53127
SNT309,Q06091
SNU114,P36048
SNU13,P39990
SNU23,Q12368
SNU56,Q03782
SNU66,Q12420
SNU71,P53207
SNX3,Q08826
SNX41,Q04053
SNX4,P47057
SNZ1,Q03148
SNZ2,P53824
SNZ3,P43545
SOD1,P00445
SOD2,P00447
SOF1,P33750
SOG2,Q08817
SOH1,P38633
SOK1,P40317
SOK2,P53438
SOL1,P50278
SOL2,P37262
SOL3,P38858
SOL4,P53315
SOM1,Q05676
SOP4,P39543
SOR1,P35497
SOR2,Q07786
SOV1,Q04748
SPA2,P23201
SPB1,P25582
SPB4,P25808
SPC1,P46965
SPC105,P53148
SPC110,P32380
SPC19,Q03954
SPC24,Q04477
SPC25,P40014
SPC29,P33419
SPC2,Q04969
SPC3,Q12133
SPC34,P36131
SPC42,P36094
SPC72,P39723
SPC97,P38863
SPC98,P53540
SPE1,P08432
SPE2,P21182
SPE3,Q12074
SPE4,Q12455
SPF1,P39986
SPG1,P50088
SPG3,Q04398
SPG4,Q04438
SPG5,P42933
SPH1,Q06160
SPI1,P40092
SPL2,P38839
SPN1,Q06505
SPO1,P53541
SPO11,P23179
SPO12,P17123
SPO13,P23624
SPO14,P36126
SPO16,P17122
SPO19,Q03029
SPO20,Q04359
SPO21,Q12411
SPO22,P40511
SPO23,P33757
SPO24,Q3E752
SPO7,P18410
SPO71,Q03868
SPO73,P40031
SPO74,P45819
SPO75,Q07798
SPO77,Q06134
SPP1,Q03012
SPP2,Q02521
SPP381,P38282
SPP382,Q06411
SPP41,P38904
SPR1,P32603
SPR28,Q04921
SPR3,P41901
SPR6,Q01684
SPS1,P08458
SPS100,P13130
SPS18,P32572
SPS19,P32573
SPS2,P08459
SPS22,P25380
SPS4,P09937
SPT10,P35208
SPT14,P32363
SPT15,P13393
SPT16,P32558
SPT20,P50875
SPT21,P35209
SPT23,P35210
SPT2,P06843
SPT3,P06844
SPT4,P32914
SPT5,P27692
SPT6,P23615
SPT7,P35177
SPT8,P38915
SQS1,P53866
SQT1,P35184
SRB2,P34162
SRB4,P32569
SRB5,P32585
SRB6,P32570
SRB7,P47822
SRB8,P25648
SRC1,Q03707
SRD1,P09007
SRF1,Q12516
SRL1,Q08673
SRL2,Q12020
SRL3,P36167
SRL4,Q03085
SRM1,P21827
SRN2,Q99176
SRO77,P38163
SRO7,Q12038
SRO9,P25567
SRP101,P32916
SRP102,P36057
SRP14,P38985
SRP1,Q02821
SRP21,P32342
SRP40,P32583
SRP54,P20424
SRP68,P38687
SRP72,P38688
SRS2,P12954
SRT1,Q03175
SRV2,P17555
SRX1,P36077
SRY1,P36007
SSA1,P10591
SSA2,P10592
SSA3,P09435
SSA4,P22202
SSB1,P11484
SSB2,P40150
SSC1,P0CS90
SSD1,P24276
SSE1,P32589
SSE2,P32590
SSF1,P38789
SSF2,Q12153
SSH1,P38353
SSH4,P32343
SSK1,Q07084
SSK2,P53599
SSK22,P25390
SSL1,Q04673
SSL2,Q00578
SSM4,P40318
SSN2,P38931
SSN3,P39073
SSN8,P47821
SSO1,P32867
SSO2,P39926
SSP1,P38871
SSP120,P39931
SSP2,Q08646
SSQ1,Q05931
SSS1,P35179
SST2,P11972
SSU1,P41930
SSU72,P53538
SSY1,Q03770
SSY5,P47002
SSZ1,P38788
STB1,P42845
STB2,P46679
STB3,Q12427
STB4,P50104
STB5,P38699
STB6,P36085
STD1,Q02794
STE11,P23561
STE12,P13574
STE13,P33894
STE14,P32584
STE18,P18852
STE2,D6VTK4
STE20,Q03497
STE23,Q06010
STE24,P47154
STE3,P06783
STE4,P18851
STE50,P25344
STE5,P32917
STE6,P12866
STE7,P06784
STF1,P01098
STF2,P16965
STH1,P32597
STI1,P15705
STL1,P39932
STM1,P39015
STN1,P38960
STO1,P34160
STP1,Q00947
STP2,P38704
STP22,P25604
STP3,Q05937
STP4,Q07351
STR2,P47164
STR3,P53101
STS1,P38637
STT3,P39007
STT4,P37297
STU1,P38198
STU2,P46675
STV1,P37296
SUA5,P32579
SUA7,P29055
SUB1,P54000
SUB2,Q07478
SUC2,P00724
SUE1,Q06524
SUI1,P32911
SUI2,P20459
SUI3,P09064
SUL1,P38359
SUL2,Q12325
SUM1,P46676
SUN4,P53616
SUP35,P05453
SUP45,P12385
SUR1,P33300
SUR2,P38992
SUR7,P54003
SUS1,Q6WNK7
SUT1,P53032
SUT2,Q12286
SUV3,P32580
SVF1,Q05515
SVL3,Q03088
SVP26,P38869
SVS1,Q12254
SWA2,Q06677
SWC3,P31376
SWC4,P53201
SWC5,P38326
SWC7,Q06707
SWD1,P39706
SWD2,P36104
SWD3,P38123
SWE1,P32944
SWF1,Q04629
SWH1,P35845
SWI1,P09547
SWI3,P32591
SWI4,P25302
SWI5,P08153
SWI6,P09959
SWM1,Q12379
SWM2,P40342
SWP1,Q02795
SWP82,P43554
SWR1,Q05471
SWS2,P53937
SWT1,Q12104
SWT21,P53873
SXM1,Q04175
SYC1,Q08553
SYF1,Q04048
SYF2,P53277
SYG1,P40528
SYH1,Q02875
SYM1,Q06563
SYN8,P31377
SYO1,Q07395
SYP1,P25623
SYS1,P41544
SYT1,Q06836
TAD1,P53065
TAD2,P47058
TAD3,Q9URQ3
TAE1,P38340
TAF10,Q12030
TAF11,Q04226
TAF12,Q03761
TAF13,P11747
TAF14,P35189
TAF1,P46677
TAF2,P23255
TAF3,Q12297
TAF4,P50105
TAF5,P38129
TAF6,P53040
TAF7,Q05021
TAF8,Q03750
TAF9,Q05027
TAH1,P25638
TAH11,P47112
TAH18,Q12181
TAL1,P15019
TAM41,P53230
TAN1,P53072
TAO3,P40468
TAP42,Q04372
TAR1,Q8TGM6
TAT1,P38085
TAT2,P38967
TAX4,P47030
TAZ1,Q06510
TBF1,Q02457
TBS1,P38114
TCA17,P32613
TCB1,Q12466
TCB2,P48231
TCB3,Q03640
TCD1,P38756
TCD2,P36101
TCM62,P38228
TCO89,Q08921
TCP1,P12612
TDA1,Q03533
TDA10,P42938
TDA11,P38854
TDA2,P40045
TDA3,P38758
TDA4,P47153
TDA5,Q06417
TDA6,Q06466
TDA7,P53882
TDA8,Q6B2U8
TDA9,Q04545
TDH1,P00360
TDH2,P00358
TDH3,P00359
TDP1,P38319
TEA1,P47988
TEC1,P18412
TED1,P40533
TEF1,P02994
TEF2,P02994
TEF4,P36008
TEL1,P38110
TEL2,P53038
TEM1,P38987
TEN1,Q07921
TEP1,P53916
TES1,P41903
TEX1,P53851
TFA1,P36100
TFA2,P36145
TFB1,P32776
TFB2,Q02939
TFB3,Q03290
TFB4,Q12004
TFB5,Q3E7C1
TFC1,P32367
TFC3,P34111
TFC4,P33339
TFC6,Q06339
TFC7,Q12415
TFC8,Q12308
TFG1,P41895
TFG2,P41896
TFS1,P14306
TGL1,P34163
TGL2,P54857
TGL3,P40308
TGL4,P36165
TGL5,Q12043
TGS1,Q12052
THG1,P53215
THI11,P47183
THI12,P42883
THI13,Q07748
THI20,Q08224
THI21,Q08975
THI22,Q06490
THI2,P38141
THI3,Q07471
THI4,P32318
THI5,P43534
THI6,P41835
THI72,Q08579
THI73,Q07904
THI74,Q04083
THI7,Q05998
THI80,P35202
THO1,P40040
THO2,P53552
THP1,Q08231
THP2,O13539
THP3,Q12049
THR1,P17423
THR4,P16120
THS1,P04801
TIF11,P38912
TIF1,P10081
TIF2,P10081
TIF34,P40217
TIF35,Q04067
TIF3,P34167
TIF4631,P39935
TIF4632,P39936
TIF5,P38431
TIF6,Q12522
TIM10,P87108
TIM11,P81449
TIM12,P32830
TIM13,P53299
TIM17,P39515
TIM18,Q08749
TIM21,P53220
TIM22,Q12328
TIM23,P32897
TIM44,Q01852
TIM50,Q02776
TIM54,P47045
TIM8,P57744
TIM9,O74700
TIP1,P27654
TIP20,P33891
TIP41,Q12199
TIR1,P10863
TIR2,P33890
TIR3,P40552
TIR4,Q12218
TIS11,P47977
TKL1,P23254
TKL2,P33315
TLG1,Q03322
TLG2,Q08144
TMA10,Q06177
TMA108,P40462
TMA16,Q08687
TMA17,Q12513
TMA19,P35691
TMA20,P89886
TMA22,P47089
TMA23,Q03525
TMA46,Q12000
TMA64,Q04600
TMA7,Q3E764
TMC1,Q08422
TMN2,Q04562
TMN3,P40071
TMS1,Q12116
TMT1,P32643
TNA1,P53322
TOA1,P32773
TOA2,P32774
TOD6,P34219
TOF1,P53840
TOF2,Q02208
TOG1,P39961
TOK1,P40310
TOM1,Q03280
TOM20,P35180
TOM22,P49334
TOM40,P23644
TOM5,P80967
TOM6,P33448
TOM70,P07213
TOM71,P38825
TOM7,P53507
TOP1,P04786
TOP2,P06786
TOP3,P13099
TOR1,P35169
TOR2,P32600
TOS1,P38288
TOS2,P50078
TOS3,P43637
TOS4,Q06266
TOS6,P48560
TOS8,P53147
TPA1,P40032
TPC1,P53257
TPD3,P31383
TPI1,P00942
TPK1,P06244
TPK2,P06245
TPK3,P05986
TPM1,P17536
TPM2,P40414
TPN1,P53099
TPO1,Q07824
TPO2,P53283
TPO3,Q06451
TPO4,Q12256
TPO5,P36029
TPP1,Q03796
TPS1,Q00764
TPS2,P31688
TPS3,P38426
TPT1,Q12272
TRA1,P38811
TRE1,Q08919
TRE2,Q08693
TRF5,P48561
TRI1,Q05024
TRK1,P12685
TRK2,P28584
TRL1,P09880
TRM1,P15565
TRM10,Q12400
TRM11,Q12463
TRM112,P53738
TRM12,Q04235
TRM13,Q12383
TRM2,P33753
TRM3,Q07527
TRM44,Q02648
TRM5,P38793
TRM7,P38238
TRM732,Q03496
TRM8,Q12009
TRM82,Q03774
TRM9,P49957
TRP1,P00912
TRP2,P00899
TRP3,P00937
TRP4,P07285
TRP5,P00931
TRR1,P29509
TRR2,P38816
TRS120,Q04183
TRS130,Q03660
TRS20,P38334
TRS23,Q03784
TRS31,Q03337
TRS33,Q99394
TRS65,P32893
TRS85,P46944
TRX1,P22217
TRX2,P22803
TRX3,P25372
TRZ1,P36159
TSA1,P34760
TSA2,Q04120
TSC10,P38342
TSC11,P40061
TSC13,Q99190
TSC3,Q3E790
TSL1,P38427
TSR1,Q07381
TSR2,Q06672
TSR3,Q12094
TSR4,P25040
TTI1,P36097
TTI2,P47168
TUB1,P09733
TUB2,P02557
TUB3,P09734
TUB4,P53378
TUF1,P02992
TUL1,P36096
TUM1,Q08686
TUP1,P16649
TUS1,Q06412
TVP15,Q03860
TVP18,Q04767
TVP23,P38962
TVP38,P36164
TWF1,P53250
TY1A-A,YAR010C
TY1A-BL,YBL005W-A
TY1A-BR,YBR012W-A
TY1A-DR1,YDR098C-A
TY1A-DR2,Q03964
TY1A-DR3,YDR210C-C
TY1A-DR4,YDR261C-C
TY1A-DR5,YDR316W-A
TY1A-DR6,YDR365W-A
TY1A-ER1,YER137C-A
TY1A-ER2,YER159C-A
TY1A-GR1,YGR027W-A
TY1A-GR2,YGR038C-A
TY1A-GR3,YGR161C-C
TY1A-H,YHR214C-C
TY1A-JR1,YJR026W
TY1A-JR2,YJR028W
TY1A-LR1,YLR035C-B
TY1A-LR2,YLR157C-A
TY1A-LR3,YLR227W-A
TY1A-LR4,YLR256W-A
TY1A-ML1,YML045W-A
TY1A-ML2,YML040W
TY1A-MR1,YMR046C
TY1A-MR2,YMR051C
TY1A-NL1,YNL284C-A
TY1A-NL2,YNL054W-A
TY1A-OL,YOL103W-A
TY1A-OR,YOR142W-A
TY1A-PL,YPL257W-A
TY1A-PR1,YPR137C-A
TY1A-PR2,YPR158W-A
TY1A-PR3,YPR158C-C
TY1B-A,YAR009C
TY1B-BL,YBL005W-B
TY1B-BR,YBR012W-B
TY1B-DR1,YDR098C-B
TY1B-DR3,YDR210C-D
TY1B-DR4,YDR261C-D
TY1B-DR5,YDR316W-B
TY1B-DR6,YDR365W-B
TY1B-ER1,YER138C
TY1B-ER2,YER160C
TY1B-GR1,YGR027W-B
TY1B-GR2,YGR038C-B
TY1B-GR3,YGR161C-D
TY1B-H,YHR214C-B
TY1B-JR1,YJR027W
TY1B-JR2,YJR029W
TY1B-LR1,YLR035C-A
TY1B-LR2,YLR157C-B
TY1B-LR3,YLR227W-B
TY1B-LR4,YLR256W-B/YLR256W-C
TY1B-ML1,YML045W
TY1B-ML2,YML039W
TY1B-MR1,YMR045C
TY1B-MR2,YMR050C
TY1B-NL1,YNL284C-B
TY1B-NL2,YNL054W-B
TY1B-OL,YOL103W-B
TY1B-OR,YOR142W-B
TY1B-PL,YPL257W-B
TY1B-PR1,YPR137C-B
TY1B-PR2,YPR158W-B
TY1B-PR3,YPR158C-D
TY2A-B,YBL100W-A
TY2A-C,YCL020W
TY2A-DR1,YDR034C-C
TY2A-DR2,YDR210W-A
TY2A-DR3,YDR261W-A
TY2A-F,YFL002W-B
TY2A-GR1,YGR038C-E
TY2A-GR2,YGR161W-A
TY2A-LR1,YLR410W-A
TY2A-LR2,YLR424C-B
TY2A-OR1,YOR192C-A
TY2A-OR2,YOR343W-A
TY2B-B,YBL100W-B
TY2B-C,YCL019W
TY2B-DR1,YDR034C-D
TY2B-DR2,YDR210W-B
TY2B-DR3,YDR261W-B
TY2B-F,YFL002W-A
TY2B-GR1,YGR038C-D/YGR038C-C
TY2B-GR2,YGR161W-B
TY2B-LR1,YLR410W-B
TY2B-LR2,YLR424C-A
TY2B-OR1,YOR192C-B
TY2B-OR2,YOR343W-B
TY3A-G,YGR109W-A
TY3A-I,YIL082W
TY3B-G,YGR109W-B
TY3B-I,YIL082W-A
TY4A-H,YHL009W-A
TY4A-J,YJL114W
TY4B-H,YHL009W-B
TY4B-J,YJL113W
TY4B-P,YPL060C-A
TY5A,P25600
TY5B,P25601
TYE7,P33122
TYR1,P20049
TYS1,P36421
TYW1,Q08960
TYW3,P53177
UAF30,Q08747
UBA1,P22515
UBA2,P52488
UBA3,Q99344
UBA4,P38820
UBC1,P21734
UBC11,P52492
UBC12,P52491
UBC13,P52490
UBC4,P15731
UBC5,P15732
UBC6,P33296
UBC7,Q02159
UBC8,P28263
UBC9,P50623
UBI4,P0CG63
UBP1,P25037
UBP10,P53874
UBP11,P36026
UBP12,P39538
UBP13,P38187
UBP14,P38237
UBP15,P50101
UBP16,Q02863
UBP2,Q01476
UBP3,Q01477
UBP5,P39944
UBP6,P43593
UBP7,P40453
UBP8,P50102
UBP9,P39967
UBR1,P19812
UBR2,Q07963
UBS1,P38290
UBX2,Q04228
UBX3,Q12229
UBX4,P54730
UBX5,Q06682
UBX6,P47049
UBX7,P38349
UCC1,Q05947
UFD1,P53044
UFD2,P54860
UFD4,P33202
UFE1,P41834
UFO1,Q04511
UGA1,P17649
UGA2,P38067
UGA3,P26370
UGA4,P32837
UGO1,Q03327
UGP1,P32861
UGX2,P32772
UIP3,P39547
UIP4,Q08926
UIP5,P36137
ULA1,Q12059
ULI1,P43604
ULP1,Q02724
ULP2,P40537
ULS1,Q08562
UME1,Q03010
UME6,P39001
UMP1,P38293
UNG1,P12887
UPC2,Q12151
UPF3,P48412
UPS1,Q05776
UPS2,P35200
UPS3,Q04006
URA1,P28272
URA10,P30402
URA2,P07259
URA3,P03962
URA4,P20051
URA5,P13298
URA6,P15700
URA7,P28274
URA8,P38627
URB1,P34241
URB2,P47108
URC2,Q04411
URE2,P23202
URH1,Q04179
URK1,P27515
URM1,P40554
URN1,Q06525
USA1,Q03714
USB1,Q12208
USE1,P53146
USO1,P25386
USV1,Q12132
UTH1,P36135
UTP10,P42945
UTP11,P34247
UTP13,Q05946
UTP14,Q04500
UTP15,Q04305
UTP18,P40362
UTP20,P35194
UTP21,Q06078
UTP22,P53254
UTP23,Q12339
UTP25,P40498
UTP30,P36144
UTP4,Q06679
UTP5,Q04177
UTP6,Q02354
UTP7,P40055
UTP8,P53276
UTP9,P38882
UTR1,P21373
UTR2,P32623
UTR4,P32626
UTR5,P32630
VAB2,P40003
VAC14,Q06708
VAC17,P25591
VAC7,P53950
VAC8,P39968
VAM10,Q08474
VAM3,Q12241
VAM6,Q07468
VAM7,P32912
VAN1,P23642
VAR1,P02381
VAS1,P07806
VBA1,Q04301
VBA2,P38358
VBA3,P25594
VBA4,Q04602
VBA5,P36172
VCX1,Q99385
VEL1,P53058
VFA1,P40080
VHC1,P38329
VHR1,P40522
VHR2,P40041
VHS1,Q03785
VHS2,P40463
VHS3,Q08438
VHT1,P53241
VID22,Q05934
VID24,P38263
VID27,P40157
VID28,P40547
VID30,P53076
VIK1,Q12045
VIP1,Q06685
VLD1,P40570
VMA10,P48836
VMA11,P32842
VMA13,P41807
VMA16,P23968
VMA1,P17255
VMA21,P41806
VMA22,P38784
VMA2,P16140
VMA3,P25515
VMA4,P22203
VMA5,P31412
VMA6,P32366
VMA7,P39111
VMA8,P32610
VMA9,Q3E7B6
VMR1,P38735
VMS1,Q04311
VNX1,P42839
VOA1,P53262
VPH1,P32563
VPH2,P32341
VPS13,Q07878
VPS15,P22219
VPS16,Q03308
VPS17,P32913
VPS1,P21576
VPS20,Q04272
VPS21,P36017
VPS24,P36095
VPS25,P47142
VPS27,P40343
VPS28,Q02767
VPS29,P38759
VPS30,Q02948
VPS33,P20795
VPS34,P22543
VPS35,P34110
VPS36,Q06696
VPS38,Q05919
VPS3,P23643
VPS41,P38959
VPS45,P38932
VPS4,P52917
VPS51,P36116
VPS52,P39904
VPS53,P47061
VPS54,Q12071
VPS55,P47111
VPS5,Q92331
VPS60,Q03390
VPS61,Q03913
VPS62,P53285
VPS63,O13549
VPS64,Q03944
VPS65,O13554
VPS68,Q12016
VPS69,O13584
VPS70,P47161
VPS71,Q03433
VPS72,Q03388
VPS73,P53142
VPS74,Q06385
VPS75,P53853
VPS8,P39702
VPS9,P54787
VRG4,P40107
VRP1,P37370
VTA1,Q06263
VTC1,P40046
VTC2,P43585
VTC3,Q02725
VTC4,P47075
VTH1,P40438
VTH2,P40890
VTI1,Q04338
VTS1,Q08831
WAR1,Q03631
WBP1,P33767
WHI2,P12611
WHI3,P34761
WHI4,Q07655
WHI5,Q12416
WIP1,Q2V2P8
WRS1,Q12109
WSC2,P53832
WSC3,Q12215
WSC4,P38739
WSS1,P38838
WTM1,Q12363
WTM2,Q12206
WWM1,P43582
XBP1,P40489
XDJ1,P39102
XKS1,P42826
XPT1,P47165
XRN1,P22147
XRS2,P33301
XYL2,Q07993
YAE1,P47118
YAF9,P53930
YAH1,Q12184
YAK1,P14680
YAP1801,P38856
YAP1802,P53309
YAP1,P19880
YAP3,P38749
YAP5,P40574
YAP6,Q03935
YAP7,Q08182
YAR1,P46683
YAT1,P80235
YAT2,P40017
YBP1,P38315
YBP2,P53169
YBT1,P32386
YCF1,P39109
YCG1,Q06680
YCH1,P42937
YCK1,P23291
YCK2,P23292
YCK3,P39962
YCP4,P25349
YCS4,Q06156
YCT1,Q12235
YDC1,Q02896
YDJ1,P25491
YEA4,P40004
YEA6,P39953
YEF1,P32622
YEF3,P16521
YEH1,Q07804
YEH2,Q07950
YEL1,P34225
YEN1,P40028
YET1,P35723
YET2,Q04210
YET3,Q07451
YFH1,Q07540
YFH7,P43591
YFT2,Q06676
YGK1,P53144
YGK3,Q12222
YGP1,P38616
YHB1,P39676
YHC1,Q05900
YHC3,P47040
YHI9,P38765
YHK8,P38776
YHM2,Q04013
YHP1,Q04116
YIA6,P40556
YIF1,P53845
YIG1,Q08956
YIH1,P25637
YIM1,P28625
YIM2,P28626
YIP1,P53039
YIP3,P53633
YIP4,P53093
YIP5,P53108
YJU2,P28320
YJU3,P28321
YKE2,P52553
YKE4,P40544
YKT6,P36015
YKU70,P32807
YKU80,Q04437
YLF2,P38746
YLH47,Q06493
YMC1,P32331
YMC2,P38087
YMD8,Q03697
YME1,P32795
YME2,P32843
YML6,P51998
YMR1,P47147
YMR31,P19955
YND1,P40009
YNG1,Q08465
YNG2,P38806
YNK1,P36010
YOP1,Q12402
YOR1,P53049
YOS1,Q3E834
YOS9,Q99220
YOX1,P34161
YPC1,P38298
YPD1,Q07688
YPI1,P43587
YPK1,P12688
YPK2,P18961
YPK3,P38070
YPK9,Q12697
YPP1,P46951
YPQ1,Q12010
YPQ2,Q06328
YPR1,Q12458
YPS1,P32329
YPS3,Q12303
YPS5,P53057
YPS6,P40583
YPS7,Q06325
YPT10,P38146
YPT11,P48559
YPT1,P01123
YPT31,P38555
YPT32,P51996
YPT35,P38815
YPT52,P36018
YPT53,P36019
YPT6,Q99260
YPT7,P32939
YRA1,Q12159
YRA2,P36036
YRB1,P41920
YRB2,P40517
YRB30,P53107
YRF1-1,P0CX20
YRF1-2,P40105
YRF1-3,P0CX14
YRF1-4,O13559
YRF1-5,P0CX21
YRF1-6,P53819
YRF1-7,P0CX15
YRF1-8,P0CX22
YRM1,Q12340
YRO2,P38079
YRR1,Q12172
YSA1,Q01976
YSC83,P32792
YSC84,P32793
YSF3,P0C074
YSH1,Q06224
YSP2,Q06681
YSP3,P25036
YSR3,P23501
YSW1,P38280
YSY6,P38374
YTA12,P40341
YTA6,P40328
YTA7,P40340
YTH1,Q06102
YTM1,Q12024
YTP1,P53584
YUH1,P35127
YUR1,P26725
YVC1,Q12324
YVH1,Q02256
ZAP1,P47043
ZDS1,P50111
ZDS2,P54786
ZEO1,Q08245
ZIM17,P42844
ZIP1,P31111
ZIP2,P53061
ZNF1,P43551
ZPR1,P53303
ZPS1,Q12512
ZRC1,P20107
ZRG17,P53735
ZRG8,P40021
ZRT1,P32804
ZRT2,Q12436
ZRT3,P34240
ZTA1,P38230
ZUO1,P32527
ZWF1,P11412
Q0010,Q9ZZX9
Q0017,Q9ZZX8
Q0032,Q9ZZX7
Q0092,Q35811
Q0142,Q9ZZW4
Q0143,Q9ZZW3
Q0144,Q9ZZW2
Q0182,Q9ZZW1
Q0255,P03881
Q0297,Q9ZZV8
YAL004W,P39703
YAL016C-A,A0A023PYC6
YAL016C-B,P0C1V3
YAL019W-A,A0A023PXA5
YAL026C-A,A0A023PXH4
YAL031W-A,A0A023PZ94
YAL034C-B,O13515
YAL037C-A,Q3E741
YAL037C-B,Q8TGR8
YAL037W,P39728
YAL042C-A,O13514
YAL045C,P39725
YAL047W-A,A0A023PZE2
YAL056C-A,O13513
YAL059C-A,A0A023PYD0
YAL063C-A,Q3E791
YAL064W,P39711
YAL064W-B,O13512
YAL065C,O13511
YAL066W,P39710
YAL067W-A,Q8TGK6
YAL068W-A,Q8TGK7
YAL069W,O13588
YAR019W-A,A0A023PXB0
YAR023C,D6VPM8
YAR028W,P39548
YAR029W,P39549
YAR030C,P39550
YAR035C-A,Q8TGV0
YAR047C,P39557
YAR053W,P39559
YAR060C,P0CX88
YAR061W,P0CX90
YAR062W,P0CI66
YAR064W,P39563
YAR066W,P0CX18
YAR068W,P39564
YAR069C,P0CX92
YAR070C,P39566
YAR075W,O42831
YBL006W-A,Q8TGQ6
YBL008W-A,Q3E821
YBL010C,P32788
YBL012C,P38209
YBL028C,P38202
YBL029C-A,Q3E756
YBL029W,P38201
YBL036C,P38197
YBL039C-A,P0C5K9
YBL039W-B,P0C268
YBL044W,P38194
YBL053W,P38190
YBL055C,P34220
YBL059W,P34224
YBL062W,P38189
YBL065W,P38188
YBL068W-A,P0C5L1
YBL070C,P38186
YBL071C-B,Q8TGU8
YBL071C,P38185
YBL073W,P38184
YBL077W,P38183
YBL081W,P38180
YBL083C,P38178
YBL086C,P38177
YBL094C,P38173
YBL096C,P38171
YBL100C,P38168
YBL100W-C,P0C269
YBL107W-A,Q6B113
YBL108W,P38161
YBL109W,P89495
YBL111C,Q3E7Y5
YBL112C,Q3E7Y4
YBL113C,Q7M4S9
YBL113W-A,Q8TGK5
YBR012C,P38214
YBR013C,P38215
YBR016W,P38216
YBR027C,P38220
YBR032W,P38223
YBR051W,P38233
YBR053C,P38235
YBR056C-B,P0C5L0
YBR056W-A,I2HB52
YBR056W,P38081
YBR062C,P38239
YBR063C,P38083
YBR064W,P38240
YBR071W,P38243
YBR072C-A,Q3E794
YBR076C-A,P0C5L2
YBR085C-A,O43137
YBR089W,P38252
YBR090C,P38253
YBR096W,P38256
YBR099C,P38258
YBR103C-A,P0C5L3
YBR109W-A,P90471
YBR113W,P38267
YBR116C,P38268
YBR121C-A,P0C5L4
YBR124W,P38269
YBR126W-A,Q8TGU7
YBR126W-B,A0A023PXH5
YBR131C-A,Q8TGQ5
YBR134W,P38275
YBR137W,P38276
YBR138C,P38277
YBR139W,P38109
YBR141W-A,Q8TGQ4
YBR144C,P34215
YBR174C,P38294
YBR178W,P38296
YBR182C-A,Q8TGU6
YBR184W,P38299
YBR190W,P38303
YBR191W-A,P0C5L5
YBR196C-A,Q3E820
YBR196C-B,Q3E778
YBR197C,P38306
YBR200W-A,Q3E755
YBR201C-A,Q2V2Q3
YBR206W,P38309
YBR209W,P38311
YBR219C,P38317
YBR220C,P38318
YBR221W-A,Q3E781
YBR223W-A,Q8TGQ3
YBR224W,P38320
YBR225W,P38321
YBR226C,P38322
YBR230W-A,Q3E762
YBR232C,P38327
YBR238C,P38330
YBR241C,P38142
YBR242W,P38331
YBR255C-A,Q3E776
YBR259W,P38338
YBR277C,P38350
YBR284W,P38150
YBR285W,P38354
YBR287W,P38355
YBR292C,P38357
YBR296C-A,Q8TGU5
YBR298C-A,Q8TGK4
YBR300C,P38362
YCL001W-A,P87012
YCL001W-B,Q96VH2
YCL002C,P25565
YCL012C,Q8J0M4
YCL021W-A,Q96VH3
YCL021W,P25561
YCL022C,P25562
YCL023C,P25563
YCL041C,P25571
YCL042W,P25572
YCL046W,P25575
YCL048W-A,Q2V2Q2
YCL049C,P25577
YCL065W,P37264
YCL068C,P25593
YCL076W,P25602
YCR001W,P25347
YCR006C,P25350
YCR007C,P25354
YCR013C,P25614
YCR016W,P25617
YCR018C-A,Q96VH1
YCR022C,P25620
YCR023C,P25351
YCR024C-B,Q3E7Z8
YCR025C,P25352
YCR038W-A,Q96VG8
YCR041W,P37265
YCR043C,P25361
YCR045W-A,Q8TGQ2
YCR047W-A,Q8TGQ1
YCR049C,P25629
YCR050C,P25630
YCR051W,P25631
YCR061W,P25639
YCR064C,P25640
YCR075W-A,Q3E830
YCR081C-A,Q8TGQ0
YCR085W,P25650
YCR087C-A,P37263
YCR087W,P25652
YCR090C,P25654
YCR095W-A,Q3E787
YCR097W-A,Q96VG6
YCR099C,P25657
YCR100C,P25606
YCR101C,P25607
YCR102C,P25608
YCR102W-A,Q96VG5
YCR108C,Q3E819
YDL007C-A,Q2V2Q0
YDL009C,Q12210
YDL011C,Q12023
YDL012C,Q12489
YDL016C,Q12115
YDL022C-A,P0C5L6
YDL023C,Q12264
YDL025W-A,Q8TGP7
YDL026W,Q12147
YDL032W,Q12281
YDL034W,Q12448
YDL041W,Q12352
YDL050C,Q07355
YDL057W,Q07379
YDL062W,Q07410
YDL068W,Q07435
YDL071C,Q07438
YDL073W,Q07454
YDL085C-A,Q3E7B7
YDL086C-A,Q8TGP8
YDL086W,Q07505
YDL094C,Q07509
YDL109C,Q12103
YDL114W,Q07530
YDL114W-A,P0C5M5
YDL118W,Q07535
YDL124W,Q07551
YDL129W,Q07555
YDL144C,Q07589
YDL152W,Q12394
YDL157C,Q12082
YDL158C,Q12047
YDL159C-B,Q8TGP9
YDL159W-A,Q3E774
YDL162C,Q12307
YDL163W,Q12148
YDL172C,Q12135
YDL176W,Q12027
YDL177C,Q12257
YDL180W,Q12301
YDL183C,P48569
YDL185C-A,P0C5M4
YDL186W,P48568
YDL187C,Q07613
YDL196W,Q12187
YDL199C,Q12407
YDL206W,Q12424
YDL211C,Q12121
YDL213W-A,Q00590
YDL218W,Q07629
YDL221W,Q07649
YDL228C,Q07658
YDL240C-A,P0C5L8
YDL241W,Q07738
YDL242W,Q07746
YDL247W-A,P0C5L9
YDR003W-A,Q3E7Z7
YDR008C,A0A023PZ99
YDR010C,Q12426
YDR015C,Q12195
YDR018C,Q12185
YDR029W,Q12111
YDR034C-A,P0C289
YDR034W-B,Q6Q5X2
YDR042C,Q03205
YDR048C,A0A023PZE6
YDR053W,Q07790
YDR061W,Q12298
YDR089W,P38966
YDR090C,Q03193
YDR094W,A0A023PYD3
YDR095C,Q03831
YDR102C,Q03864
YDR109C,Q04585
YDR114C,Q04597
YDR115W,Q04598
YDR118W-A,P0C5L7
YDR124W,Q04608
YDR131C,Q03899
YDR132C,Q03900
YDR133C,Q03904
YDR149C,A0A023PXH9
YDR154C,A0A023PZA4
YDR157W,A0A023PZE8
YDR169C-A,Q3E789
YDR179W-A,Q03983
YDR182W-A,Q3E796
YDR183C-A,P0C5M3
YDR187C,A0A023PYD7
YDR193W,P0C5E0
YDR194W-A,Q3E818
YDR199W,A0A023PXB9
YDR203W,A0A023PXI4
YDR209C,Q03480
YDR210W,Q03482
YDR215C,Q12240
YDR220C,Q04923
YDR222W,Q04925
YDR230W,A0A023PZA9
YDR239C,Q03780
YDR246W-A,Q3E763
YDR248C,Q03786
YDR249C,Q03787
YDR250C,Q03788
YDR262W,Q12331
YDR269C,P87281
YDR271C,P87282
YDR274C,P87283
YDR278C,Q05612
YDR286C,Q05530
YDR290W,P87280
YDR306C,Q06640
YDR320W-B,P0C5M0
YDR327W,P87288
YDR338C,Q05497
YDR340W,Q05503
YDR341C,Q05506
YDR344C,Q05510
YDR354C-A,Q8TGP6
YDR355C,P87285
YDR366C,P87287
YDR371C-A,P0C5M1
YDR381C-A,Q3E6R5
YDR387C,Q04162
YDR391C,Q04170
YDR396W,O13522
YDR401W,O13523
YDR406W-A,P0C5M2
YDR413C,P87266
YDR415C,Q04033
YDR417C,P87267
YDR426C,P87268
YDR431W,Q04069
YDR433W,P87269
YDR442W,P87270
YDR444W,Q04093
YDR445C,Q04100
YDR455C,P87271
YDR461C-A,Q2V2P7
YDR464C-A,Q8TGP5
YDR467C,P87264
YDR476C,Q03362
YDR491C,Q03418
YDR509W,P87272
YDR510C-A,Q8TGR7
YDR514C,Q04408
YDR521W,P87273
YDR524C-A,Q8TGR6
YDR524C-B,Q3E6R4
YDR524W-C,P0C1Z1
YDR526C,P87274
YDR535C,Q04434
YDR537C,P87261
YDR541C,Q03049
YDR543C,Q03051
YDR544C,Q03057
YDR545C-A,P0CL37
YEL008C-A,Q8TGP3
YEL008W,P40001
YEL009C-A,A0A023PZF2
YEL010W,P40000
YEL014C,P39999
YEL018C-A,A0A023PYD9
YEL020C-B,P0C5M6
YEL023C,P39992
YEL025C,P39991
YEL028W,P39989
YEL030C-A,Q8TGR5
YEL032C-A,Q8TGP4
YEL034C-A,Q02217
YEL043W,P32618
YEL045C,P32616
YEL050W-A,P0C5M7
YEL053W-A,A0A023PXC2
YEL067C,P39978
YEL068C,P39977
YEL073C,P39974
YEL074W,P39973
YEL075C,P39972
YEL075W-A,P89888
YEL076C,P39971
YEL076C-A,P0CX16
YEL077C,Q3E7X8
YEL077W-A,P0CX95
YER006C-A,A0A023PXI8
YER010C,P40011
YER023C-A,Q8TGP2
YER034W,P40022
YER039C-A,P0CD97
YER046W-A,A0A023PZF5
YER053C-A,Q3E7B0
YER066C-A,P87263
YER067C-A,A0A023PYE4
YER068C-A,A0A023PXC7
YER076C,P40049
YER076W-A,A0A023PXJ3
YER078W-A,Q3E7A2
YER079C-A,A0A023PZB8
YER079W,P40052
YER084W,P40057
YER084W-A,A0A023PZG0
YER085C,P40058
YER087C-A,A0A023PYE9
YER088C-A,A0A023PXD3
YER088W-B,Q8TGR4
YER090C-A,P0C5M8
YER091C-A,Q02590
YER097W,P40062
YER107W-A,A0A023PXJ7
YER119C-A,P87191
YER121W,P40076
YER130C,P39959
YER133W-A,A0A023PZC3
YER134C,P40081
YER135C,P40082
YER137C,P40083
YER137W-A,A0A023PZG5
YER138W-A,P0C270
YER145C-A,A0A023PYF4
YER147C-A,A0A023PXD5
YER148W-A,A0A023PXK2
YER152C,P10356
YER152W-A,A0A023PZC7
YER156C,P40093
YER158C,P40095
YER158W-A,Q8TGR3
YER165C-A,A0A023PZH1
YER172C-A,A0A023PYF7
YER175W-A,Q8TGU4
YER181C,P40097
YER186C,P40101
YER187W,P40102
YER188C-A,P0C0V2
YER188W,P40103
YER189W,P40104
YER190C-A,P0CL27
YER190C-B,P0CX94
YFL012W,P43580
YFL012W-A,Q03186
YFL013W-A,Q03187
YFL015C,P43578
YFL015W-A,A0A023PXD9
YFL019C,P43576
YFL021C-A,A0A023PXK7
YFL031C-A,Q8TGU3
YFL032W,P43566
YFL040W,P43562
YFL041W-A,Q3E817
YFL051C,P43552
YFL057C,P43546
YFL063W,P43541
YFL064C,P43540
YFL065C,P43539
YFL066C,P43538
YFL067W,P43537
YFL068W,P0CX99
YFR006W,P43590
YFR009W-A,P0C5M9
YFR010W-A,P0C5N0
YFR012W-A,Q3E838
YFR016C,P43597
YFR018C,P43599
YFR032C-B,Q8TGU2
YFR034W-A,Q8TGR2
YFR035C,P43608
YFR036W-A,A0A023PZD0
YFR045W,P43617
YFR052C-A,A0A023PZH4
YFR054C,P43622
YFR056C,P43624
YFR057W,P43625
YGL006W-A,Q3E802
YGL007C-A,Q8TGU0
YGL014C-A,P0C5N1
YGL015C,P33199
YGL024W,P53190
YGL034C,P53186
YGL036W,P53185
YGL039W,P53183
YGL041C,P53182
YGL041C-B,Q3E750
YGL041W-A,P0C5N3
YGL042C,P53181
YGL052W,P53175
YGL063C-A,Q8TGP0
YGL069C,P53162
YGL072C,P53161
YGL074C,P53160
YGL081W,P53156
YGL082W,P53155
YGL088W,P53151
YGL102C,P53143
YGL108C,P53139
YGL109W,P53138
YGL114W,P53134
YGL117W,P53133
YGL118C,P53132
YGL123C-A,Q8TGP1
YGL132W,P53126
YGL138C,P53122
YGL140C,P53120
YGL149W,P53116
YGL152C,P53113
YGL159W,P53110
YGL165C,P53106
YGL176C,P46945
YGL177W,P53105
YGL182C,P53103
YGL185C,P53100
YGL188C,P53098
YGL188C-A,Q8TGU1
YGL193C,P53097
YGL194C-A,Q2V2P6
YGL199C,P53092
YGL204C,P53089
YGL214W,P53087
YGL217C,P53085
YGL218W,P53084
YGL230C,P53074
YGL235W,P53071
YGL239C,P53069
YGL242C,P53066
YGL258W-A,Q3E740
YGL260W,P53056
YGL262W,P53054
YGR011W,P53205
YGR016W,P53209
YGR017W,P53210
YGR018C,P53211
YGR021W,P53212
YGR022C,P53213
YGR025W,P53216
YGR026W,P53217
YGR035C,P53222
YGR035W-A,Q45U48
YGR039W,P53225
YGR042W,P53227
YGR045C,P53229
YGR050C,P53231
YGR051C,P53232
YGR053C,P53234
YGR054W,P53235
YGR064W,P53240
YGR066C,P53242
YGR067C,P53243
YGR068W-A,Q8TGN8
YGR069W,P53245
YGR073C,P53247
YGR079W,P53249
YGR107W,P53263
YGR111W,P53265
YGR114C,P53268
YGR115C,P53269
YGR117C,P53270
YGR121W-A,Q3E816
YGR122C-A,P0C5N2
YGR122W,P53272
YGR125W,P53273
YGR126W,P53274
YGR127W,P53275
YGR130C,P53278
YGR137W,P53282
YGR139W,P53284
YGR146C-A,Q8TGT9
YGR151C,P53287
YGR153W,P48238
YGR160W,P53288
YGR161W-C,Q3E744
YGR164W,P53291
YGR168C,P53293
YGR174W-A,Q8TGT8
YGR176W,P32475
YGR182C,P53300
YGR190C,P53302
YGR201C,P42936
YGR204C-A,Q8TGT7
YGR210C,P42942
YGR219W,P53307
YGR226C,P50083
YGR228W,P53308
YGR237C,P50089
YGR240C-A,Q3E786
YGR242W,P53310
YGR250C,P53316
YGR259C,P53321
YGR265W,P53325
YGR266W,P53326
YGR269W,P40326
YGR270C-A,Q8TGN7
YGR273C,P53329
YGR283C,P53336
YGR290W,P53339
YGR291C,P53340
YGR293C,P53342
YGR296C-A,P0CL28
YGR296C-B,P0CX96
YHL002C-A,A0A023PYG1
YHL005C,P38752
YHL006W-A,A0A023PXE5
YHL008C,P38750
YHL012W,P38709
YHL015W-A,Q3E7Z6
YHL017W,P38745
YHL018W,P38744
YHL019W-A,A0A023PXL1
YHL026C,P38740
YHL030W-A,A0A023PZD5
YHL034W-A,A0A023PZH9
YHL037C,P38733
YHL041W,P38730
YHL042W,P38729
YHL044W,P38727
YHL045W,P38726
YHL046W-A,A0A023PYG5
YHL048C-A,Q3E758
YHL049C,P38722
YHL050C,P38721
YHL050W-A,P0C5B8
YHR007C-A,Q07074
YHR020W,P38708
YHR022C,P38763
YHR022C-A,Q8TGT6
YHR028W-A,A0A023PXE8
YHR032C-A,Q8TGT5
YHR032W-A,P0C5N6
YHR033W,P38690
YHR045W,P38775
YHR049C-A,O13533
YHR050W-A,Q05451
YHR052W-A,P0CL32
YHR054C,P38780
YHR054W-A,P0CL33
YHR056W-A,A0A023PXL7
YHR063W-A,A0A023PZE1
YHR069C-A,A0A023PZI4
YHR070C-A,A0A023PYH0
YHR071C-A,A0A023PXF2
YHR073C-B,P0C5N4
YHR073W-A,P0C5N7
YHR078W,P38799
YHR086W-A,Q3E746
YHR095W,P38808
YHR097C,P38809
YHR112C,P38716
YHR122W,P38829
YHR125W,P38831
YHR127W,P38833
YHR130C,P38834
YHR131C,P38835
YHR131W-A,A0A023PXM2
YHR137C-A,Q8TGN6
YHR138C,P38841
YHR139C-A,O13536
YHR140W,P38842
YHR145C,O13537
YHR165W-A,A0A023PZE4
YHR173C,P38864
YHR175W-A,Q3E815
YHR177W,P38867
YHR180C-B,P0C5N5
YHR180W,P38868
YHR180W-A,P0C5N8
YHR182C-A,A0A023PZI9
YHR182W,P38870
YHR193C-A,A0A023PYH5
YHR202W,P38887
YHR210C,P38893
YHR212C,P0CX89
YHR212W-A,P0CX91
YHR213W,P0CI67
YHR213W-A,Q8TGT4
YHR213W-B,Q8TGK1
YHR214C-D,P0CX93
YHR214C-E,Q8TGK0
YHR214W,P0CX19
YHR214W-A,O13534
YHR217C,P38898
YHR218W,P38899
YHR218W-A,A0A023PXF5
YHR219C-A,P0CL34
YHR219W,P38900
YIL001W,P40560
YIL002W-A,Q3E7Z5
YIL012W,P40551
YIL014C-A,Q02598
YIL020C-A,A0A023PXM7
YIL021C-A,Q8TGN4
YIL024C,P40543
YIL025C,P40542
YIL028W,P40539
YIL029C,P40538
YIL029W-A,A0A023PZE9
YIL030W-A,A0A023PZJ3
YIL032C,P40536
YIL046W-A,Q3E7Z4
YIL047C-A,A0A023PYH8
YIL054W,P40524
YIL055C,P40523
YIL058W,P40521
YIL059C,P40520
YIL060W,P40519
YIL066W-A,A0A023PXF8
YIL067C,P40514
YIL068W-A,A0A023PXN3
YIL071W-A,A0A023PZF3
YIL077C,P40508
YIL086C,P40503
YIL089W,P40500
YIL092W,P40497
YIL100C-A,Q03884
YIL100W,P40490
YIL102C,P40488
YIL102C-A,Q2V2P5
YIL105W-A,Q8TGN5
YIL108W,P40483
YIL115W-A,A0A023PZJ9
YIL134C-A,Q45U18
YIL141W,P40461
YIL142C-A,A0A023PYI2
YIL152W,P40455
YIL156W-A,A0A023PXG3
YIL156W-B,Q2V2P4
YIL161W,P40449
YIL163C,P40448
YIL165C,P40446
YIL166C,P40445
YIL168W,P0CF21
YIL171W-A,A0A023PXN9
YIL171W,P40440
YIL174W,P0CL25
YIL175W,P0CL23
YIL177C,P40434
YIL177W-A,P0CL41
YIR016W,P40572
YIR017W-A,Q03885
YIR018C-A,Q3E7Z3
YIR020C,P40575
YIR020C-B,Q03888
YIR020W-A,Q03886
YIR021W-A,Q3E739
YIR023C-A,A0A023PZF9
YIR030W-A,A0A023PZK4
YIR035C,P40579
YIR036W-A,A0A023PYI5
YIR040C,P40584
YIR042C,P40586
YIR043C,P40587
YIR044C,P40588
YJL007C,P47080
YJL009W,P47078
YJL015C,P47073
YJL016W,P47072
YJL020W-A,Q8TGN2
YJL022W,P47066
YJL026C-A,Q8TGJ8
YJL027C,P47063
YJL028W,P47062
YJL032W,P47059
YJL043W,P47053
YJL045W,P47052
YJL047C-A,Q3E737
YJL049W,P47048
YJL052C-A,Q3E837
YJL055W,P47044
YJL064W,P47038
YJL067W,P40365
YJL068C,P40363
YJL070C,P40361
YJL077W-A,Q8TGN3
YJL077W-B,Q8TGT3
YJL086C,P47028
YJL107C,P42947
YJL118W,P47022
YJL119C,P47021
YJL120W,P47020
YJL127W-A,P0C5P1
YJL132W,P47014
YJL133C-A,Q3E7A3
YJL135W,P47012
YJL136W-A,Q3E801
YJL144W,P47009
YJL150W,P47004
YJL152W,P47003
YJL156W-A,P0C5N9
YJL163C,P46996
YJL169W,P46994
YJL171C,P46992
YJL175W,P46991
YJL181W,P46987
YJL182C,P46986
YJL193W,P39542
YJL195C,P39541
YJL197C-A,P0C5P0
YJL202C,P39532
YJL206C,P39529
YJL211C,P40898
YJL213W,P40896
YJL215C,P40895
YJL218W,P40892
YJL220W,P40891
YJL222W-A,P0CL26
YJL222W-B,P0CL24
YJL225C,P40889
YJL225W-A,P0CL42
YJR011C,P47086
YJR012C,P47087
YJR015W,P47090
YJR018W,P47091
YJR020W,P47092
YJR023C,P47094
YJR030C,P47101
YJR037W,P47105
YJR038C,P47106
YJR039W,P47107
YJR056C,P47115
YJR061W,P40355
YJR071W,P47121
YJR079W,P47126
YJR085C,P47131
YJR087W,P47132
YJR096W,P47137
YJR098C,P47139
YJR107C-A,P0CT86
YJR112W-A,Q3E743
YJR114W,P47151
YJR115W,P47152
YJR120W,P47157
YJR124C,P47159
YJR128W,P47162
YJR140W-A,Q8TGN1
YJR141W,P47172
YJR142W,P47173
YJR146W,P47174
YJR149W,P47177
YJR151W-A,Q3E775
YJR154W,P47181
YJR157W,P47184
YJR162C,P47188
YKL018C-A,Q3E7A7
YKL023C-A,Q2V2P3
YKL023W,P36103
YKL030W,P36099
YKL031W,P36098
YKL033W-A,Q86ZR7
YKL036C,P32859
YKL044W,P36092
YKL050C,P35736
YKL053W,P35733
YKL063C,P35725
YKL065W-A,Q2V2P2
YKL066W,P36089
YKL068W-A,Q3E826
YKL069W,P36088
YKL070W,P36087
YKL071W,P36086
YKL075C,P36083
YKL083W,P36079
YKL091C,P33324
YKL096C-B,Q8TGT2
YKL097C,P34245
YKL100C,P34248
YKL100W-A,P0C5P2
YKL102C,P34249
YKL106C-A,Q3E7A0
YKL107W,P34251
YKL111C,P36074
YKL115C,P36073
YKL118W,P36072
YKL123W,P36071
YKL131W,P36067
YKL133C,P36066
YKL136W,P36065
YKL145W-A,P0C5P3
YKL147C,P36061
YKL153W,P36058
YKL156C-A,Q8TGN0
YKL162C-A,P0C5P4
YKL162C,P36052
YKL165C-A,P0C5P5
YKL169C,P36050
YKL177W,P34238
YKL183C-A,Q3E765
YKL187C,P34231
YKL202W,P36042
YKL222C,P35995
YKL223W,P36031
YKL225W,P36030
YKR005C,Q02203
YKR011C,Q02209
YKR012C,P36109
YKR015C,P36111
YKR018C,P36114
YKR032W,P36127
YKR033C,P36128
YKR040C,P36133
YKR041W,P36134
YKR045C,P36138
YKR047W,P36140
YKR051W,P36142
YKR070W,P36151
YKR073C,P36153
YKR075C,P36155
YKR075W-A,Q8TGM9
YKR078W,P36158
YKR104W,P0CE69
YLL006W-A,Q3E814
YLL017W,P0CF33
YLL019W-A,Q8TGM8
YLL020C,Q07811
YLL032C,Q07834
YLL037W,Q07865
YLL044W,Q07880
YLL047W,Q07881
YLL053C,P0CD98
YLL054C,Q12244
YLL056C,Q12177
YLL058W,Q12198
YLL059C,Q12336
YLL065W,Q99339
YLL066C,Q99208
YLL066W-A,P0CY00
YLL066W-B,Q8TGJ7
YLL067C,Q07888
YLL067W-A,P0CY01
YLR001C,Q07895
YLR012C,Q07927
YLR030W,Q07967
YLR031W,Q07978
YLR036C,Q07986
YLR041W,Q07989
YLR042C,Q07990
YLR046C,Q12253
YLR049C,Q12110
YLR050C,Q12155
YLR053C,Q12026
YLR076C,Q08018
YLR101C,Q08027
YLR108C,Q12259
YLR111W,Q12528
YLR112W,Q12130
YLR118C,Q12354
YLR120W-A,Q8TGR1
YLR122C,Q12312
YLR123C,Q12174
YLR124W,Q12327
YLR125W,Q12138
YLR126C,Q12288
YLR140W,Q12077
YLR146W-A,Q2V2P1
YLR149C,Q99296
YLR149C-A,P0C5P8
YLR152C,P54072
YLR154C-G,Q3E813
YLR154C-H,P0CY02
YLR154W-B,P0C5P9
YLR154W-F,P0C5Q0
YLR156C-A,P0CY03
YLR156W,P0CE96
YLR157C-C,P0CY04
YLR157W-D,P0CE99
YLR157W-E,P0CF00
YLR159C-A,P0CY05
YLR159W,P0CE97
YLR161W,P0CE98
YLR162W,Q06235
YLR163W-A,P0C5P6
YLR169W,O13561
YLR171W,O13562
YLR173W,Q06247
YLR177W,Q06251
YLR179C,Q06252
YLR184W,Q06267
YLR198C,O13530
YLR202C,O13531
YLR217W,O13532
YLR222C-A,P0C5P7
YLR225C,Q05948
YLR230W,A0A023PXG7
YLR232W,O13546
YLR235C,A0A023PXP4
YLR236C,A0A023PZG4
YLR252W,O13573
YLR255C,O13574
YLR257W,Q06146
YLR264C-A,Q3E732
YLR269C,O13550
YLR271W,Q06152
YLR278C,Q05854
YLR279W,O13540
YLR280C,O13541
YLR281C,Q05863
YLR282C,O13542
YLR283W,Q05867
YLR285C-A,Q3E771
YLR286W-A,Q8TGM4
YLR287C,Q05881
YLR294C,O13543
YLR296W,Q05898
YLR297W,Q05899
YLR299C-A,Q8TGM3
YLR302C,O13544
YLR307C-A,Q3E825
YLR311C,Q06158
YLR317W,O13553
YLR326W,Q06170
YLR334C,Q06127
YLR339C,O94085
YLR342W-A,Q3E810
YLR345W,Q06137
YLR347W-A,Q8TGM2
YLR349W,O94086
YLR352W,Q06479
YLR358C,O13565
YLR361C-A,Q3E795
YLR363W-A,Q3E747
YLR364C-A,P0C5Q1
YLR365W,Q7LIF2
YLR366W,Q7LIF1
YLR374C,O13545
YLR379W,O13579
YLR399W-A,Q8TGM1
YLR400W,Q06051
YLR402W,Q06057
YLR406C-A,Q8TGT1
YLR407W,Q06070
YLR412C-A,Q3E742
YLR413W,Q06689
YLR415C,O13578
YLR416C,Q06695
YLR419W,Q06698
YLR428C,O13564
YLR434C,O13576
YLR437C-A,Q8TGR0
YLR444C,O13560
YLR446W,Q06204
YLR455W,Q06188
YLR456W,Q06199
YLR458W,A0A023PZK9
YLR460C,P54007
YLR462W,O13556
YLR463C,O13557
YLR464W,P0CX17
YLR466C-A,P0CL38
YLR466C-B,Q8TGJ4
YLR467C-A,P0CL39
YML002W,P0CF17
YML003W,P0CF16
YML007C-A,Q3E7A6
YML009C-A,A0A023PYJ0
YML009W-B,Q6B0Y1
YML012C-A,Q6B0Y8
YML018C,Q03730
YML020W,Q03722
YML031C-A,A0A023PXH2
YML034C-A,A0A023PXP7
YML037C,Q03703
YML047W-A,A0A023PZG9
YML053C,Q04978
YML054C-A,Q3E809
YML057C-A,P0C261
YML079W,Q03629
YML082W,Q04533
YML083C,Q04526
YML084W,Q04521
YML089C,Q04502
YML090W,Q04501
YML094C-A,Q12744
YML096W,Q04489
YML099W-A,Q6B2I9
YML100W-A,Q8TGT0
YML101C-A,Q6B0Z2
YML108W,Q03759
YML116W-A,Q6B108
YML119W,Q03208
YML122C,Q03207
YML131W,Q03102
YML133C,Q03099
YML133W-A,P0CL29
YML133W-B,P0CL35
YMR001C-A,Q8TGS9
YMR007W,Q03675
YMR013C-A,P0C5Q3
YMR013W-A,P0C5Q2
YMR027W,Q04371
YMR030W-A,Q3E760
YMR031W-A,Q6Q572
YMR046W-A,Q6B0Y5
YMR052C-A,Q6B0Y6
YMR057C,Q04674
YMR074C,Q04773
YMR075C-A,Q6B0Y7
YMR082C,Q04276
YMR084W,A2P2R3
YMR085W,P0CF18
YMR086C-A,Q6Q571
YMR087W,Q04299
YMR090W,Q04304
YMR099C,Q03161
YMR102C,Q03177
YMR103C,Q04436
YMR105W-A,Q8TGS8
YMR114C,Q04471
YMR119W-A,A0A023PZL2
YMR122C,Q03879
YMR122W-A,Q3E842
YMR124W,P39523
YMR130W,Q04223
YMR135W-A,Q6B0X1
YMR141C,P40211
YMR141W-A,P0C5Q4
YMR147W,P40218
YMR153C-A,A0A023PYJ4
YMR155W,Q03795
YMR158C-A,Q3E843
YMR158W-B,Q6B0X2
YMR160W,Q03823
YMR172C-A,A0A023PXH6
YMR173W-A,A0A023PXQ4
YMR175W-A,Q3E766
YMR178W,Q03219
YMR181C,Q03231
YMR182W-A,Q8TGS7
YMR187C,Q03236
YMR193C-A,Q6B0R2
YMR194C-A,P0C5Q6
YMR196W,Q04336
YMR206W,Q03695
YMR209C,Q03648
YMR226C,Q05016
YMR230W-A,Q3E7B5
YMR242W-A,Q8TGS6
YMR244W,Q04018
YMR245W,Q04019
YMR247W-A,Q3E782
YMR252C,Q04814
YMR253C,Q04835
YMR254C,Q04838
YMR262W,P38430
YMR265C,Q03508
YMR272W-A,Q8TGM0
YMR272W-B,Q8TGS5
YMR279C,Q03263
YMR290W-A,A0A023PZH5
YMR294W-A,A0A023PZL7
YMR295C,Q03559
YMR304C-A,A0A023PYJ7
YMR306C-A,A0A023PXI0
YMR307C-A,P0C5Q5
YMR310C,Q04867
YMR315W-A,Q8TGS4
YMR315W,Q04869
YMR316C-A,I2HB70
YMR316C-B,A0A023PXQ9
YMR317W,Q04893
YMR320W,Q04897
YMR321C,Q04898
YMR324C,Q04909
YMR326C,Q6B0R7
YNL011C,P53980
YNL013C,P53979
YNL017C,P53977
YNL018C,P53976
YNL019C,P53975
YNL028W,P53967
YNL033W,P53964
YNL034W,P53963
YNL035C,P53962
YNL040W,P53960
YNL042W-B,Q3E7Z2
YNL043C,P53957
YNL046W,P53956
YNL050C,P53952
YNL057W,P53948
YNL058C,P53947
YNL067W-A,P0C5Q8
YNL067W-B,Q3E767
YNL089C,P53936
YNL092W,P53934
YNL095C,P53932
YNL097C-B,P0C271
YNL097W-A,Q8TGL8
YNL103W-A,Q8TGQ9
YNL108C,P53929
YNL109W,P53928
YNL114C,P53926
YNL115C,P53925
YNL120C,P53922
YNL122C,P53921
YNL134C,P53912
YNL140C,P53910
YNL143C,P53908
YNL144C,P53907
YNL144W-A,Q8TGL9
YNL146C-A,Q3E7Z1
YNL146W,P53906
YNL150W,P53902
YNL162W-A,Q3E7A8
YNL165W,P53891
YNL170W,P53888
YNL171C,P53887
YNL174W,P53884
YNL179C,P53880
YNL181W,P53878
YNL184C,P53876
YNL190W,P53872
YNL193W,P53870
YNL194C,P40169
YNL195C,P40168
YNL198C,P40166
YNL203C,P40163
YNL205C,P40162
YNL208W,P40159
YNL217W,P40152
YNL226W,P53864
YNL228W,P53862
YNL234W,P53857
YNL235C,P53856
YNL247W,P53852
YNL266W,P53842
YNL276C,P53837
YNL277W-A,Q3E7Z0
YNL285W,P53831
YNL296W,P53828
YNL303W,P53827
YNL319W,P53826
YNL320W,P42840
YNL324W,P53825
YNL337W,P53821
YNL338W,P53820
YNL339W-A,P0CL30
YNL339W-B,P0CL36
YNR001W-A,P0C5Q7
YNR003W-A,Q8TGL7
YNR005C,P53717
YNR014W,P53719
YNR021W,P53723
YNR025C,P53726
YNR029C,P53729
YNR034W-A,Q3E841
YNR040W,P53736
YNR042W,P53737
YNR048W,P53740
YNR061C,P53747
YNR062C,P53748
YNR063W,P53749
YNR064C,P53750
YNR065C,P53751
YNR066C,P53752
YNR068C,P53754
YNR071C,P53757
YNR075C-A,Q8TGJ2
YNR077C,P53758
YOL013W-A,P0C272
YOL013W-B,Q870I1
YOL014W,Q08110
YOL019W,Q08157
YOL019W-A,Q8TGS2
YOL024W,Q08172
YOL029C,Q08187
YOL035C,Q08207
YOL036W,Q08206
YOL037C,Q08205
YOL038C-A,Q3E7Z9
YOL046C,Q08216
YOL050C,Q08222
YOL057W,Q08225
YOL075C,Q08234
YOL079W,Q08238
YOL083C-A,P0C5R4
YOL085C,Q99345
YOL085W-A,Q8TGQ8
YOL097W-A,Q3E7Y9
YOL098C,Q12496
YOL099C,Q08240
YOL106W,Q08241
YOL107W,Q12239
YOL114C,Q12322
YOL118C,Q08259
YOL131W,Q08270
YOL134C,Q08272
YOL150C,Q08293
YOL153C,P0C155
YOL155W-A,Q3E7Y8
YOL159C-A,Q3E769
YOL160W,Q08321
YOL162W,P0CF19
YOL163W,P0CF20
YOL164W-A,Q3E7A5
YOL166C,Q08373
YOL166W-A,Q8TGJ1
YOR008C-A,Q3E7B9
YOR008W-B,P0C5Q9
YOR011W-A,Q3E807
YOR012W,Q12351
YOR015W,Q12169
YOR019W,Q99248
YOR020W-A,Q3E824
YOR022C,Q12204
YOR024W,Q12070
YOR029W,Q12243
YOR032W-A,Q8TGS1
YOR034C-A,Q3E735
YOR041C,Q08411
YOR050C,Q08419
YOR053W,Q08428
YOR055W,Q08439
YOR062C,P36025
YOR072W-A,P0C5R2
YOR072W-B,Q3E832
YOR072W,Q08486
YOR073W-A,P0C5R3
YOR082C,Q08498
YOR093C,Q12275
YOR097C,Q12274
YOR102W,Q08503
YOR105W,Q08504
YOR108C-A,Q8TGL6
YOR111W,Q99210
YOR114W,Q12219
YOR121C,Q08521
YOR131C,Q12486
YOR139C,Q08532
YOR146W,Q08533
YOR161C-C,Q8TGS0
YOR161W-A,Q8TGL5
YOR161W-B,Q8TGL4
YOR169C,Q08540
YOR170W,Q08543
YOR186C-A,Q8TGL3
YOR186W,Q08560
YOR192C-C,Q3E736
YOR199W,Q08604
YOR200W,Q08620
YOR203W,Q08621
YOR214C,Q12282
YOR218C,Q12249
YOR225W,Q12225
YOR231C-A,Q8TGL2
YOR238W,Q08634
YOR248W,Q08681
YOR263C,Q08728
YOR268C,Q08734
YOR277C,Q08736
YOR282W,Q08741
YOR283W,Q12040
YOR289W,Q12012
YOR292C,Q08743
YOR293C-A,Q3E7Y7
YOR296W,Q08748
YOR300W,Q08756
YOR302W,P08521
YOR304C-A,O14468
YOR309C,Q12444
YOR314W-A,P0C5R0
YOR314W,Q12506
YOR316C-A,Q3E806
YOR318C,Q99318
YOR325W,Q12261
YOR329W-A,P0C5R1
YOR331C,Q08786
YOR333C,Q08789
YOR335W-A,Q8TGL1
YOR338W,Q99326
YOR342C,Q12182
YOR343C,Q12484
YOR345C,Q08811
YOR352W,Q08816
YOR364W,Q08842
YOR365C,Q08844
YOR366W,Q08872
YOR376W-A,Q3E805
YOR376W,Q08900
YOR379C,Q08903
YOR381W-A,Q3E804
YOR385W,Q08909
YOR387C,Q08910
YOR389W,Q08912
YOR392W,Q08915
YOR394C-A,Q8TGJ0
YOR396C-A,P0CL40
YPL014W,Q02606
YPL025C,Q02659
YPL034W,Q03083
YPL035C,O13521
YPL038W-A,Q3E7B4
YPL039W,Q03080
YPL044C,O13520
YPL062W,Q02781
YPL067C,Q02754
YPL068C,Q02749
YPL071C,Q02864
YPL073C,P40323
YPL077C,Q02831
YPL080C,Q02826
YPL102C,O13517
YPL107W,Q02873
YPL108W,Q02872
YPL109C,Q02981
YPL113C,Q02961
YPL114W,O13518
YPL119C-A,Q3E751
YPL135C-A,Q8TGK9
YPL136W,O13519
YPL142C,Q08916
YPL150W,Q12152
YPL152W-A,Q8TGR9
YPL162C,Q12042
YPL182C,Q08922
YPL185W,Q08927
YPL191C,Q08930
YPL197C,Q08953
YPL199C,Q08954
YPL205C,Q08958
YPL216W,Q08964
YPL222C-A,Q8TGL0
YPL225W,Q08971
YPL229W,Q99395
YPL238C,Q99401
YPL245W,Q12179
YPL247C,Q12523
YPL250W-A,P0C5S0
YPL251W,Q12058
YPL257W,Q08974
YPL261C,Q08976
YPL264C,Q08980
YPL272C,Q08984
YPL276W,P0CF36
YPL277C,Q08989
YPL278C,Q08990
YPL283W-A,P0CL31
YPL283W-B,P0CX97
YPR002C-A,Q6B0V7
YPR003C,P53394
YPR010C-A,A5Z2X5
YPR011C,Q12251
YPR012W,Q04203
YPR014C,Q6B0W2
YPR015C,Q12531
YPR016W-A,P0C5R5
YPR022C,Q12139
YPR027C,Q12079
YPR039W,Q6B0W0
YPR050C,A0A023PZM3
YPR053C,Q6Q5F3
YPR059C,P0C5E1
YPR063C,Q12160
YPR064W,Q12492
YPR071W,Q12346
YPR074W-A,P0C5R6
YPR076W,O13582
YPR077C,O13583
YPR078C,Q06813
YPR084W,Q06821
YPR089W,O13585
YPR092W,O13586
YPR096C,O13587
YPR097W,Q06839
YPR098C,Q06089
YPR099C,O13548
YPR108W-A,Q3E7B3
YPR114W,Q06107
YPR117W,Q06116
YPR123C,O13566
YPR126C,O13567
YPR127W,Q06494
YPR130C,O13568
YPR136C,O13569
YPR142C,O13570
YPR145C-A,Q2V2P0
YPR146C,O13571
YPR147C,Q06522
YPR148C,Q06523
YPR150W,O13572
YPR153W,Q06537
YPR159C-A,Q8TGQ7
YPR160C-A,Q8TGK8
YPR160W-A,P0C5S1
YPR169W-A,P0C5R7
YPR170C,A0A023PYK2
YPR170W-A,P0C5R8
YPR170W-B,P0C5R9
YPR172W,Q06608
YPR174C,Q06616
YPR177C,O13575
YPR195C,Q06594
YPR196W,Q06595
YPR197C,A0A023PXI5
YPR202W,Q08993
YPR203W,Q08994
YPR204C-A,P0CX98
YPR204W,Q08995
